Industry Detail,Count,Pct of Total
Religious Organization,89,3.87
Local Government,69,3.0
Commercial Construction,51,2.22
(blank),40,1.74
Individual,36,1.57
General Contractor,27,1.17
Property entity,25,1.09
Commercial Property Mgmt,23,1.0
Public School District,23,1.0
General Hospital,19,0.83
Automotive components,17,0.74
Food distribution,17,0.74
Real Estate Development,14,0.61
E-commerce retail,13,0.57
Restaurant,13,0.57
Property Management,12,0.52
Private School,12,0.52
Commercial Banking,12,0.52
Mechanical contractor,11,0.48
Public Library,11,0.48
Unidentified,11,0.48
Real Estate Investment,10,0.43
Real Estate Holding,10,0.43
Property/address entity,9,0.39
General Medical & Surgical Hospitals,9,0.39
Electrical Contractor,9,0.39
Public school district,9,0.39
Logistics,8,0.35
Design-Build Construction,8,0.35
Brewery/taproom,8,0.35
Property Holding,7,0.3
Commercial property entity,7,0.3
Private University,7,0.3
Commercial Real Estate Developer,7,0.3
Automotive Parts Mfg,7,0.3
Food manufacturing,7,0.3
Residential Property Mgmt,6,0.26
Equipment rental,6,0.26
Multifamily operating entity (ALPARC),6,0.26
Individual/entity unclear,6,0.26
Plastics manufacturing,6,0.26
Religious organization,6,0.26
Real Estate Partnership,6,0.26
Residential Rental Property,6,0.26
Corrugated Container Mfg,6,0.26
Property entities,6,0.26
Services (unclear),5,0.22
Veterinary Services,5,0.22
Hotel,5,0.22
Auto dealership,5,0.22
Commercial Real Estate Brokerage,5,0.22
Construction Management,5,0.22
Investment/property entity,5,0.22
Senior living,5,0.22
Mechanical Contractor,5,0.22
Mechanical / HVAC Contracting,5,0.22
Property ownership,5,0.22
Mortgage Lending,4,0.17
Partnership/property entity,4,0.17
Engineering services,4,0.17
Fitness Center,4,0.17
Credit Union,4,0.17
Contractor,4,0.17
Ambiguous,4,0.17
Beverage manufacturing,4,0.17
Residential Remodel,4,0.17
Medical Device Mfg,4,0.17
Equipment Rental,4,0.17
Healthcare Real Estate,4,0.17
Commercial Bakery,4,0.17
Electric Power Distribution,4,0.17
Food Manufacturing,4,0.17
Wholesale distribution,4,0.17
Healthcare Real Estate Mgmt,3,0.13
Consulting,3,0.13
Manufacturing (unclear),3,0.13
Restaurant/bar,3,0.13
Retail,3,0.13
Discount retail,3,0.13
Commercial Real Estate Services,3,0.13
Property Management / Brokerage,3,0.13
Healthcare REIT,3,0.13
Retail Center,3,0.13
Truck dealer/service,3,0.13
Sports facility,3,0.13
Commercial Property Management,3,0.13
Private College,3,0.13
Industrial property entity,3,0.13
Residential General Contractor,3,0.13
Structural Metal Mfg,3,0.13
Too ambiguous (multiple “CORE”),3,0.13
YMCA nonprofit,3,0.13
Property entity (coded),3,0.13
Physician Office,3,0.13
Salon,3,0.13
Youth nonprofit,3,0.13
Dialysis Center,3,0.13
Logistics & Warehousing,3,0.13
Beverage Manufacturing,3,0.13
Real Estate,3,0.13
Real Estate Services,3,0.13
Construction,3,0.13
Property LP,3,0.13
Printing & Marketing,3,0.13
Property/community,3,0.13
Ambulatory Surgical Center,3,0.13
Hotel Management,3,0.13
Vocational Rehabilitation,3,0.13
Assisted Living Facility,3,0.13
Traveler accommodation,3,0.13
Commercial General Contractor,3,0.13
Residential / Individual,3,0.13
Plumbing Contractor,3,0.13
Electronics manufacturing,3,0.13
Legal services,3,0.13
Legal services (verify names),3,0.13
Cold-Rolled Steel Manufacturing,3,0.13
Mattress Manufacturing,3,0.13
Jewelry retail,3,0.13
Private school,3,0.13
Non-profit recreation,3,0.13
Redevelopment/property entity,2,0.09
Property Ownership,2,0.09
Industrial equipment,2,0.09
Energy services (unclear),2,0.09
Property Owner,2,0.09
Packaging (plastics) manufacturing,2,0.09
Pharmaceutical Manufacturing,2,0.09
Plumbing Fixture Manufacturing,2,0.09
Chemical Manufacturing,2,0.09
Food Service Management,2,0.09
Trade association,2,0.09
Theological Seminary,2,0.09
Engineering (A/E),2,0.09
CRE brokerage/property mgmt,2,0.09
Building products manufacturing,2,0.09
Investment Partnership,2,0.09
Orthopedics practice,2,0.09
Event Venue,2,0.09
Architecture,2,0.09
Private High School,2,0.09
Property acquisition entity,2,0.09
Automotive rubber/plastics,2,0.09
Industrial property/logistics center,2,0.09
Substance Abuse Treatment,2,0.09
Insurance Agency,2,0.09
Facilities Support Services,2,0.09
Entity unclear,2,0.09
Engineering & Construction,2,0.09
Distribution/logistics (unclear),2,0.09
Construction/GC,2,0.09
Condo association,2,0.09
Convenience/fuel retail,2,0.09
Financial services,2,0.09
Wire/cable manufacturing,2,0.09
Medical Equipment Wholesaler,2,0.09
Golf club,2,0.09
Telecommunications Services,2,0.09
Metal fabrication,2,0.09
Steel manufacturing,2,0.09
Religious/nonprofit,2,0.09
Social Services Nonprofit,2,0.09
Aluminum manufacturing,2,0.09
HVAC Equipment Wholesaler,2,0.09
Services/property/contracting (unclear),2,0.09
Industrial Packaging Wholesaler,2,0.09
Real Estate Leasing,2,0.09
Construction Management / GC,2,0.09
Dental Insurance Provider,2,0.09
Orthodontist,2,0.09
Electrical Apparatus Wholesaler,2,0.09
Community College,2,0.09
HVAC Equipment Rep,2,0.09
Machine Tool Distributor,2,0.09
Natural Gas Transmission,2,0.09
Commercial Real Estate Owner,2,0.09
Air Springs Mfg,2,0.09
Primary Care Clinic,2,0.09
Automotive plastics,2,0.09
Property/site entity,2,0.09
Faith-Based Thrift & Community Support Organization,2,0.09
Health & Wellness Retail,2,0.09
Workforce nonprofit,2,0.09
Senior Living / Assisted Living,2,0.09
Local Government (Housing),2,0.09
Grocery Wholesalers,2,0.09
Motor Vehicle Parts Mfg,2,0.09
Commercial Building Construction,2,0.09
Electronics Manufacturing Services,2,0.09
Automotive Dealership,2,0.09
Machine Tool Manufacturing,2,0.09
Psychiatric Hospital,2,0.09
Commercial Property Management & Brokerage,2,0.09
Logistics / Warehousing,2,0.09
3PL Provider,2,0.09
Police Protection,2,0.09
Commercial Contractor,2,0.09
Retail REIT,2,0.09
Defense/aerospace,2,0.09
Paving/asphalt,2,0.09
HVAC equipment manufacturing,2,0.09
Nail salon,2,0.09
Consumer products manufacturing,2,0.09
Outpatient endoscopy,2,0.09
Apparel retail,2,0.09
Office furniture distribution,2,0.09
Educational Support Services,2,0.09
Confectionery manufacturing,2,0.09
Residential entity,2,0.09
Electrical contractor,2,0.09
Neurological Surgery Office,2,0.09
Medical Billing Services,2,0.09
Energy efficiency services,2,0.09
Public University,2,0.09
Plastics machinery,2,0.09
Bakery/food service,2,0.09
Social services nonprofit,2,0.09
Facilities Management,2,0.09
Testing services,2,0.09
Ambiguous acronym,2,0.09
Pharmaceutical manufacturing,2,0.09
Transportation/logistics,2,0.09
Salon/spa,2,0.09
Chemicals manufacturing,2,0.09
Food Distribution,2,0.09
Hotel (Extended Stay),2,0.09
Logistics/distribution (unclear),2,0.09
Industrial services,2,0.09
Automotive steering systems,2,0.09
Rubber products,2,0.09
Software,2,0.09
Industrial tools/materials,2,0.09
Packaging products,2,0.09
Environmental services,2,0.09
Ceramic tile manufacturing,2,0.09
Protective packaging,2,0.09
Envelope/packaging,2,0.09
Brewery / taproom,2,0.09
Business Consulting,2,0.09
Fitness Club Franchise,2,0.09
Property holding entity,2,0.09
Entertainment venue,2,0.09
Automotive Components Manufacturing,2,0.09
Real estate development,2,0.09
Shopping center ownership,2,0.09
Packaging & paper,2,0.09
Specialty retail,2,0.09
Millwork/cabinetry contractor,1,0.04
Business/IT services (unclear),1,0.04
Building materials supplier/contractor,1,0.04
JV property entity,1,0.04
Technical services (construction/controls?),1,0.04
Nonprofit charity,1,0.04
Design-Build / Construction Services,1,0.04
Wholesale / Optical Distribution,1,0.04
Florist retail,1,0.04
Machine tool distribution,1,0.04
Specialty metals,1,0.04
Entertainment/arcade,1,0.04
Substance Abuse Treatment Center,1,0.04
Ag analytics/services,1,0.04
Industrial services (unclear),1,0.04
Printing/labels,1,0.04
Security services,1,0.04
Aerospace/industrial (likely “AELSPAN” related),1,0.04
Industrial equipment/services,1,0.04
Specialty lubricants,1,0.04
Physician Office (Specialist),1,0.04
Urgent care clinic,1,0.04
Dental clinic,1,0.04
Trades/services (unclear),1,0.04
Construction Materials,1,0.04
Commercial REIT,1,0.04
Real Estate Investment Trust,1,0.04
Skilled Nursing Facility,1,0.04
Property Owner / Holding Co,1,0.04
IT Consulting & Business Technology Services,1,0.04
Ambiguous (HVAC? airline? brand?),1,0.04
Industrial gases,1,0.04
Packaging Manufacturing,1,0.04
Conveyor System Mfg,1,0.04
Commercial services/contractor,1,0.04
Parking services,1,0.04
Engineering/testing (ATG),1,0.04
Distribution (unclear),1,0.04
Industrial abrasives supplier,1,0.04
Multifamily/parking operating entity (ALPARC),1,0.04
Technology/services (unclear),1,0.04
Rail/industrial manufacturing,1,0.04
Engineering/contracting,1,0.04
Refrigeration contractor,1,0.04
Parking systems/services,1,0.04
E-Commerce Retailer,1,0.04
Energy Engineering Services,1,0.04
Packaging and Labels,1,0.04
Greeting Card Publisher/Manufacturer,1,0.04
HVAC Compressor Remanufacturing,1,0.04
Senior Living / Memory Care,1,0.04
Emergency and Relief Services,1,0.04
Professional association,1,0.04
Jewelry Television / E-commerce,1,0.04
Ambulance / Medical Transport,1,0.04
Business Park Owner/Operator,1,0.04
Industrial rubber products,1,0.04
Manufacturing/engineering services,1,0.04
Cargo securing equipment,1,0.04
Logistics assets/entity,1,0.04
Religious Nonprofit / Attractions,1,0.04
Water Heater Mfg,1,0.04
Water Treatment Manufacturing,1,0.04
UV Water Treatment Systems,1,0.04
Document Management / Printing,1,0.04
Design-Build General Contractor,1,0.04
Casino Hotels,1,0.04
Industrial Machinery (Leveling/Deburring),1,0.04
Moving & Storage Services,1,0.04
Telecommunications Provider,1,0.04
Alcohol Retail,1,0.04
Real Estate Agent,1,0.04
Zinc Products Manufacturing,1,0.04
HVAC Contractor,1,0.04
Digital services/fulfillment,1,0.04
Chimney & Masonry Services,1,0.04
Contractor/property (unclear),1,0.04
Air cargo,1,0.04
LP/property entity,1,0.04
Commercial vehicle dealer,1,0.04
Automotive Components,1,0.04
Retail/personal care brand,1,0.04
Life sciences/biorepository,1,0.04
Metal finishing/galvanizing,1,0.04
Defense/aerospace manufacturing,1,0.04
Concrete Contractor,1,0.04
Packaging manufacturing,1,0.04
HVAC equipment manufacturer (BAC),1,0.04
Event Venue & Retail,1,0.04
Office Property Entity,1,0.04
Engineering & Staffing Services,1,0.04
Staffing Services,1,0.04
Consumer electronics brand,1,0.04
Hospitality,1,0.04
Hearing Aid Retail,1,0.04
Physical therapy,1,0.04
Contract Chemical Manufacturing,1,0.04
Sanitizer & Soap Manufacturing,1,0.04
Auto Repair & Tire Service,1,0.04
School (verify public/private),1,0.04
Facilities management,1,0.04
CPA Firm,1,0.04
Individual(s),1,0.04
Coffee roaster and retailer,1,0.04
Pet Food Manufacturing,1,0.04
Career/tech education,1,0.04
Technology Distribution,1,0.04
Logistics brokerage,1,0.04
Boutique retail,1,0.04
Individual/property,1,0.04
Commercial Tire & Fleet Services,1,0.04
Specialty contractor (interiors/insulation),1,0.04
Marketing/PR (not retail),1,0.04
Accounting/consulting (likely),1,0.04
Facility/contract services (unclear),1,0.04
Distributor (packaging),1,0.04
Entertainment,1,0.04
Construction Services,1,0.04
Multifamily property/community,1,0.04
Hydroponic Produce,1,0.04
Flour Milling & Dry Blending,1,0.04
General contractor,1,0.04
Business services (unclear),1,0.04
CRE/property management,1,0.04
Professional services (unclear),1,0.04
CRE investment/management,1,0.04
Equipment dealer,1,0.04
Sports equipment distribution,1,0.04
Electric Power Generation,1,0.04
Distribution,1,0.04
Electric Cooperative,1,0.04
Packaging manufacturing (BWAY),1,0.04
Manufacturing (brand),1,0.04
Industrial Real Estate Developer,1,0.04
Industrial cable (unclear),1,0.04
Home organization retail/services,1,0.04
Fragrance/ingredients (mfg),1,0.04
Lubricants/refining,1,0.04
Snack Food Manufacturing,1,0.04
Services/solutions (unclear),1,0.04
Consulting/services (unclear),1,0.04
Home care (unclear),1,0.04
Health Insurance,1,0.04
Apparel brand,1,0.04
Optical products,1,0.04
Automotive Glass Mfg,1,0.04
Tires/industrial,1,0.04
Industrial services/distribution,1,0.04
Business entity (unclear),1,0.04
Casual fine dining restaurant,1,0.04
CRE services (CBRE),1,0.04
Corporate billing entity,1,0.04
Wireless retail/services,1,0.04
Insulation contractor,1,0.04
Mold making,1,0.04
Specialty Contractor,1,0.04
Affordable Senior Housing,1,0.04
Engineering/architecture,1,0.04
Nonresidential Property Managers,1,0.04
Healthcare Technology,1,0.04
Parking & Real Estate Mgmt,1,0.04
State Park,1,0.04
Chemical Synthesis,1,0.04
Pallet pooling/logistics,1,0.04
Millwright & Industrial Services,1,0.04
Too generic,1,0.04
Museum nonprofit,1,0.04
Social Advocacy Organization,1,0.04
Charter School Network,1,0.04
Public Charter School,1,0.04
Cookie & Bakery Manufacturing,1,0.04
Property/site entity (coded),1,0.04
Industrial Parts Distribution,1,0.04
Autism Therapy & Support,1,0.04
Pediatric Hospital,1,0.04
Contractor (also fits construction),1,0.04
Plastic Surgery Practice,1,0.04
Insurance Carrier,1,0.04
Media/production (unclear),1,0.04
Industrial Machinery Mfg,1,0.04
Medical group (unclear),1,0.04
Automotive repair/parts,1,0.04
Sports Venue,1,0.04
Non-Profit Tool Lending,1,0.04
Truck parts distribution,1,0.04
Deactivated record,1,0.04
Contractor association/contractor,1,0.04
Movie theater,1,0.04
HVAC Fabrication,1,0.04
Industrial Launderers,1,0.04
Social Services Non-Profit,1,0.04
Sports Complex,1,0.04
Engineering consulting,1,0.04
Secure Financial & Payment Printing,1,0.04
Millwork Manufacturing,1,0.04
Design-build / GC,1,0.04
Recycling services,1,0.04
Iron and Steel Mills,1,0.04
Dry Ice Blasting Equipment,1,0.04
Bowling Center,1,0.04
Construction/industrial distribution,1,0.04
Colorants/chemicals,1,0.04
Hospitality management,1,0.04
Lifting/rigging equipment,1,0.04
Telecom,1,0.04
Mechanical services,1,0.04
Software/services,1,0.04
Corrections/public safety (unclear),1,0.04
IT repair,1,0.04
Industrial printing presses,1,0.04
Controls contractor/system integrator,1,0.04
Environmental equipment,1,0.04
Private Christian School,1,0.04
Eye care clinic,1,0.04
Manufacturing/real estate (unclear),1,0.04
RV dealer,1,0.04
Performing arts venue,1,0.04
HVAC/mechanical contractor,1,0.04
Cosmetology school,1,0.04
Coatings manufacturing,1,0.04
Contractor/fabricator,1,0.04
GC/developer,1,0.04
Footwear Manufacturing,1,0.04
Too ambiguous,1,0.04
Ortho clinic,1,0.04
Material handling equipment dealer,1,0.04
Automotive acoustics,1,0.04
Electronics repair/logistics,1,0.04
Compounding pharmacy,1,0.04
Printing/packaging,1,0.04
Fitness studio,1,0.04
Automotive Gears Mfg,1,0.04
Tile Manufacturing,1,0.04
Automotive Gaskets Mfg,1,0.04
Automotive/Transport,1,0.04
Bioplastics Manufacturing,1,0.04
IT & Printer Repair,1,0.04
Wholesale Distribution,1,0.04
Art Museum,1,0.04
Plastic & Industrial Component Manufacturing,1,0.04
Hospital,1,0.04
Property/building entity,1,0.04
PVC Window/Door Systems,1,0.04
Natural Gas Distribution,1,0.04
Nail Salon,1,0.04
Food Facility Design-Build,1,0.04
Motor Vehicle Electrical Mfg,1,0.04
Retail property/site,1,0.04
Municipal public works,1,0.04
Government veterans services,1,0.04
Medical Office Property,1,0.04
Dermatology practice,1,0.04
Beverage Distribution & Wholesale,1,0.04
Office Equipment & Services,1,0.04
Logistics & Express Delivery,1,0.04
Power Transformer Mfg,1,0.04
Office Building,1,0.04
State Education Dept,1,0.04
Veterans nonprofit,1,0.04
Insulation Distribution,1,0.04
Oil & Gas Production,1,0.04
Valves & Fittings Mfg,1,0.04
Development entity,1,0.04
Orthopedic Practice,1,0.04
Consumer Goods Manufacturing,1,0.04
Excavation Contractor,1,0.04
Invalid Record,1,0.04
Food Processing,1,0.04
Theme park,1,0.04
Resort hotel and hospitality,1,0.04
Uniform Rental,1,0.04
Multifamily developer/property,1,0.04
Filtration Systems Mfg,1,0.04
Industrial Equipment Repair & Rebuild Services,1,0.04
HOA/owners association,1,0.04
Therapy Practice,1,0.04
Sewage Treatment Facility,1,0.04
Restaurant/food service,1,0.04
Construction Contractor,1,0.04
Industrial Construction,1,0.04
Industrial REIT,1,0.04
Data Science & Marketing,1,0.04
HVAC Accessories Mfg,1,0.04
Electron Beam Processing,1,0.04
Motor Vehicle Stamping,1,0.04
Motor Vehicle Body Mfg,1,0.04
Aerospace Composites Mfg,1,0.04
Real Estate Asset Management,1,0.04
Public broadcasting,1,0.04
Plumbing Distribution,1,0.04
E-commerce Services,1,0.04
Wholesale Convenience Dist.,1,0.04
Prepress & Platemaking,1,0.04
Fossil Fuel Power Generation,1,0.04
Casino & Gaming,1,0.04
Mechanical / Energy Engineering Services,1,0.04
Safety Equipment Mfg,1,0.04
Student Loan Servicing,1,0.04
Industrial Seals/Heaters,1,0.04
Ceramic Manufacturing,1,0.04
Full-service Mexican restaurant,1,0.04
R&D in Physical Sciences,1,0.04
Materials Testing Labs,1,0.04
Aircraft MRO,1,0.04
Facility Management,1,0.04
Comm Systems,1,0.04
Electric Motor Mfg,1,0.04
Metals Service Center,1,0.04
HR Association,1,0.04
Rehabilitation Hospital,1,0.04
Industrial Instrumentation,1,0.04
Energy Efficiency Contractor,1,0.04
Nuclear Waste Services,1,0.04
Energy Service Company (ESCO),1,0.04
Mechanical and HVAC contractor,1,0.04
Membership org,1,0.04
Youth/education nonprofit,1,0.04
Mineral Processing Solutions,1,0.04
Design Studio,1,0.04
Hotel management (Holiday Inn),1,0.04
Hospital System,1,0.04
Electronics & Printers,1,0.04
Natural Gas Midstream,1,0.04
Natural Gas Production,1,0.04
Equity Compensation Research,1,0.04
Industrial Property Ownership & Management,1,0.04
Entertainment Venue,1,0.04
Roofing Contractor,1,0.04
Paper Products Mfg,1,0.04
Clinical Laboratory,1,0.04
Asset Management,1,0.04
Personal Care Services,1,0.04
Label Manufacturing,1,0.04
Energy Efficiency,1,0.04
Juvenile Products Mfg,1,0.04
Broadcasting & Media,1,0.04
Industrial Fasteners & Metal Components,1,0.04
Net lease DST portfolio,1,0.04
Biopharmaceuticals Mfg,1,0.04
Structural Steel & Iron Services,1,0.04
UPS & Data Center Services,1,0.04
Plastics Product Mfg,1,0.04
Luxury boutique hotel,1,0.04
Workforce Development & Employment Services,1,0.04
Brewpub / Hospitality,1,0.04
Forestry Equipment Mfg,1,0.04
Metal Forming & Stamping,1,0.04
Plumbing Fixtures Retail,1,0.04
Automation Technology,1,0.04
Investment Management,1,0.04
Marketing & Brand Strategy Consulting,1,0.04
School Bus Transportation,1,0.04
Steel Pipe and Tube Manufacturing,1,0.04
Auto Parts Distribution,1,0.04
Laboratory Supplies,1,0.04
Property SPE,1,0.04
Fitness Center Chain,1,0.04
Specialty Retail,1,0.04
Industrial Engineering,1,0.04
Automated Material Handling,1,0.04
Packaging Distribution,1,0.04
Printing Inks & Coatings,1,0.04
Ceramic Tile Mfg,1,0.04
"Pumps, Valves & Fluid Systems Manufacturing",1,0.04
Corrugated Packaging,1,0.04
Television Station,1,0.04
Metal Treatment,1,0.04
Event/Trade Show Services,1,0.04
Industrial Machinery,1,0.04
Telecommunications,1,0.04
Homeowners Association,1,0.04
Apparel Retail,1,0.04
Golf Course / Hospitality,1,0.04
Industrial Chillers,1,0.04
Health & Wellness Products,1,0.04
Construction & Facilities,1,0.04
Recreational Equipment Retail,1,0.04
Seafood Retail/Wholesale,1,0.04
Publishing & Marketing,1,0.04
Cemetery,1,0.04
Specialty Chemicals,1,0.04
Fast Casual Restaurant,1,0.04
Aircraft Engine Maintenance,1,0.04
Hemp/CBD Production,1,0.04
Bioproducts & Packaging,1,0.04
Wire & Cable Mfg,1,0.04
Coatings & Resins,1,0.04
Footwear Retail,1,0.04
Medical Instrument Manufacturing,1,0.04
Structural Steel Fabrication,1,0.04
Stainless Steel Equipment,1,0.04
Visual Communication Tools,1,0.04
Religious nonprofit,1,0.04
Window Manufacturing,1,0.04
Municipal government,1,0.04
Supermarket / Retail,1,0.04
Food Processing & Specialty Food Manufacturing,1,0.04
Social services (often nonprofit),1,0.04
Adhesives Manufacturing,1,0.04
Crane Rental Service,1,0.04
Plastic Bottle Manufacturing,1,0.04
Sports Complex Management,1,0.04
Electrical Distribution,1,0.04
Hair Salon,1,0.04
Hardware Retail,1,0.04
Cheese Manufacturing,1,0.04
Beverage Distribution,1,0.04
Nature Parks,1,0.04
Museum,1,0.04
Community Theater,1,0.04
Correctional Institution,1,0.04
Mall property,1,0.04
Specialty Alcohols,1,0.04
Industrial Packaging,1,0.04
Sports Training Facility,1,0.04
Legacy Property Mgmt,1,0.04
Automotive & Industrial Manufacturing Facility,1,0.04
Tax Preparation Services,1,0.04
HVAC Wholesale,1,0.04
Housing nonprofit,1,0.04
Engineering Consulting,1,0.04
Safes & Vaults Mfg,1,0.04
Online & Catalog Retail,1,0.04
Sawmills,1,0.04
Orthotic & Prosthetic Mfg,1,0.04
New Car Dealers,1,0.04
Plastics Wholesale,1,0.04
Sauna & Heating Equipment Mfg,1,0.04
Industrial Heat Exchangers,1,0.04
Specialty clinic,1,0.04
Home Furnishings Retail,1,0.04
Heavy & Civil Engineering,1,0.04
Investment Banking & Brokerage,1,0.04
Engineering Services,1,0.04
Healthcare Real Estate Investment Trust,1,0.04
Community health center,1,0.04
Audiology/speech services,1,0.04
Facilities Maintenance,1,0.04
Commercial Real Estate,1,0.04
Medical & Dental Wholesale,1,0.04
Industrial Fastener Mfg,1,0.04
Plastics Mfg,1,0.04
Marketing Execution,1,0.04
Property entity (HH prefix),1,0.04
Office REIT,1,0.04
Senior Housing,1,0.04
Hardware Wholesalers,1,0.04
Developer/GC or property entity,1,0.04
Real estate developer,1,0.04
Environmental Remediation,1,0.04
Architecture & Engineering,1,0.04
Education Technology / Software,1,0.04
Dye & Pigment Mfg,1,0.04
Home Centers,1,0.04
Electronic Shopping,1,0.04
Dentist Office,1,0.04
Automotive Transmission Mfg,1,0.04
Automobile Manufacturing,1,0.04
Material Handling Equipment Mfg,1,0.04
Warehousing / Retail Support,1,0.04
Hotel operations,1,0.04
Aerospace Parts Mfg,1,0.04
Freight Logistics,1,0.04
Radio Broadcasting,1,0.04
Wood Product Mfg,1,0.04
General contractor & building maintenance services,1,0.04
"Commercial general contractor (tenant finish/build-outs, remodels)",1,0.04
Custom home builder,1,0.04
HVAC e-commerce & contractor platform,1,0.04
Heating/plumbing/industrial process equipment distributor,1,0.04
Insurance broker & risk management consulting,1,0.04
Online vitamins & supplements retailer (iHerb),1,0.04
Commercial truck leasing & rental,1,0.04
Thermoset molding compounds (BMC/SMC) manufacturing,1,0.04
Industrial real estate/logistics,1,0.04
Bedding & home textiles (brand/wholesale/manufacturing),1,0.04
Industrial Automation & Material Handling Systems,1,0.04
Charter school network,1,0.04
Facility Services & Building Maintenance,1,0.04
Orthopedic Medical Practice,1,0.04
Digital Marketing & Advertising Services,1,0.04
Ethnic Grocery Retail,1,0.04
Podiatric Medical Practice,1,0.04
Spine & Pain Management Clinic,1,0.04
Indoor Sports & Recreation Facility,1,0.04
Industrial Inspection & Sorting Services,1,0.04
Industrial Components & Fabricated Products,1,0.04
Plastics Pipe Manufacturing,1,0.04
Precision Plastics & Engineered Components,1,0.04
Distribution & Logistics Facility,1,0.04
Custom Computer Programming / Software Services,1,0.04
Industrial Equipment & HVAC Manufacturing,1,0.04
Food Ingredient & Sweetener Manufacturing,1,0.04
Manufacturing,1,0.04
Commercial Interior Construction & Millwork,1,0.04
Real estate entity,1,0.04
Energy Consulting & Optimization Services,1,0.04
Energy Procurement & Management Services,1,0.04
Material Handling & Automation Systems,1,0.04
Paper & Packaging Manufacturing,1,0.04
Heavy-Duty Truck Manufacturing & Sales,1,0.04
Composite Resins & Plastics Manufacturing,1,0.04
Lottery Systems & Gaming Technology,1,0.04
Printing Inks & Coatings Manufacturing,1,0.04
Waste Management / Environmental Services,1,0.04
Diversified Industrial Manufacturing,1,0.04
Commercial Foodservice Equipment Manufacturing,1,0.04
Building Maintenance & Repair Services,1,0.04
Distribution & Commercial Design Services,1,0.04
Management Consulting,1,0.04
HVAC Controls & Building Automation Services,1,0.04
Concrete Construction & Foundations,1,0.04
Industrial Cleaning & Sanitation Equipment,1,0.04
Municipal Animal Control & Shelter,1,0.04
Architectural Design Services,1,0.04
Condo Association Mgmt,1,0.04
Branded Food Manufacturing,1,0.04
Industrial Real Estate Development & Property Management,1,0.04
Industrial Equipment Distribution,1,0.04
Motor and Generator Mfg,1,0.04
Mechanical / Electrical Contracting,1,0.04
Underground Mining Equipment Manufacturing,1,0.04
Motor Vehicle Seating Mfg,1,0.04
"Engineering, Forensics & Consulting Services",1,0.04
Automotive Bearings & Steering Systems,1,0.04
Welding Wire & Filler Metal Manufacturing,1,0.04
Hospitality / Hotel Operations,1,0.04
Building Inspection Service,1,0.04
Precision Machining & Engineered Components,1,0.04
Architecture Firm,1,0.04
Business association,1,0.04
Aluminum Smelting,1,0.04
Promotional Products,1,0.04
Consumer Products,1,0.04
Contract Manufacturing,1,0.04
Apartments / Residential,1,0.04
Plumbing & Cabinetry Dist,1,0.04
Blood Bank,1,0.04
Sports association,1,0.04
Museum/education nonprofit,1,0.04
Secure Warehousing,1,0.04
Government cemetery,1,0.04
Office Furniture Dealer,1,0.04
Consumer Services / Kiosks,1,0.04
Child Day Care Services,1,0.04
Pharma CDMO,1,0.04
Chiropractic clinic,1,0.04
Industrial Cooling Mfg,1,0.04
Insulation manufacturing,1,0.04
Automotive aluminum components,1,0.04
Poultry/food manufacturing,1,0.04
Property entity (address/LP-style),1,0.04
Grocery retail chain,1,0.04
Design/architecture (unclear),1,0.04
Defense manufacturing,1,0.04
Performing arts/venue,1,0.04
Trades/labor services,1,0.04
Landscape / Site Construction,1,0.04
Fire sprinkler contractor,1,0.04
Last-Mile Delivery,1,0.04
Industrial Development / Real Estate,1,0.04
Heavy Metal Fabrication,1,0.04
Accounting/consulting,1,0.04
Fitness,1,0.04
Banking/financial services,1,0.04
Electric Bicycle Mfg,1,0.04
Carbon Fiber Mfg,1,0.04
Footwear retail/brand,1,0.04
HVAC Warranty Services,1,0.04
Recreation/retail (unclear),1,0.04
(also retail; kept retail above),1,0.04
Apparel Manufacturing,1,0.04
IoT / Telematics Software,1,0.04
Dialysis clinic,1,0.04
Industrial marking equipment/services,1,0.04
Consumer Goods Mfg,1,0.04
Invalid Record / Closed,1,0.04
Crane manufacturing,1,0.04
Logistics real estate (industrial),1,0.04
Promotional products/services,1,0.04
RV/transport components,1,0.04
Asset recovery/auctions,1,0.04
Concrete contractor,1,0.04
Bedding manufacturing,1,0.04
Community nonprofit,1,0.04
Warehouse property/operations (verify owner/operator),1,0.04
Home improvement retail,1,0.04
Sports/entertainment,1,0.04
Optical retail,1,0.04
Millwork/cabinets manufacturing,1,0.04
Specialty Retail / Apparel,1,0.04
Card Manufacturing / Printing,1,0.04
Paper distribution,1,0.04
Industrial supply distribution,1,0.04
Retail distribution,1,0.04
Non-Profit Education Farm,1,0.04
Body art services,1,0.04
Boat manufacturing,1,0.04
Facility Management / Energy,1,0.04
Metal Processing,1,0.04
Stone products,1,0.04
Meat Processing,1,0.04
Event Arena,1,0.04
University Recreation,1,0.04
Logistics / Supply Chain,1,0.04
Automotive stamping,1,0.04
Doors manufacturing,1,0.04
Marketing Services,1,0.04
Pest Control / Landscaping,1,0.04
Pharmaceutical Distribution,1,0.04
Greenhouse Farming / Food Mfg,1,0.04
Industrial Property Holding,1,0.04
Engineering / Systems Integration,1,0.04
Property rental entity,1,0.04
IT Training,1,0.04
Community center nonprofit,1,0.04
Commercial HVAC/R Services,1,0.04
Biotech (verify mfg vs R&D),1,0.04
HVAC Equipment Mfg,1,0.04
Alcohol retail,1,0.04
Consumer Goods Mfg (Grills),1,0.04
Blood center,1,0.04
Clinical research organization,1,0.04
Consumer products (direct sales),1,0.04
Furniture Distribution,1,0.04
Individual (verify),1,0.04
Metal fabrication/services,1,0.04
Metal building contractor,1,0.04
Vehicle upfitting,1,0.04
Adult Day Care / Disability Services,1,0.04
Gaming/casino,1,0.04
Property mgmt/entity,1,0.04
Business Park,1,0.04
REIT/property entity,1,0.04
Eye care / clinic,1,0.04
Industrial finishing services,1,0.04
Mold/texturing services,1,0.04
Personal Care Mfg,1,0.04
Fleet/leasing services,1,0.04
Civil contractor,1,0.04
Precision Machining,1,0.04
Real estate development/services,1,0.04
Uniform & Textile Rental,1,0.04
Church Management Software,1,0.04
HVAC Manufacturing,1,0.04
Chemical catalysts,1,0.04
Movable Walls Manufacturing,1,0.04
Precision machining,1,0.04
Design-Build Firm,1,0.04
HVAC Tech / Cleantech,1,0.04
Recreation/entertainment,1,0.04
Food service/retail,1,0.04
Water Treatment Facility,1,0.04
Industrial parts distribution,1,0.04
Intermediate Care Facility,1,0.04
Linen services,1,0.04
Pipeline operator,1,0.04
Military School,1,0.04
Advertising Agency,1,0.04
Contract Packaging,1,0.04
Gas Products Mfg,1,0.04
Labels/packaging printing,1,0.04
Plastics/packaging (verify),1,0.04
Heavy equipment dealer,1,0.04
Wholesale Veterinary Supplies,1,0.04
Clinical/genetic testing,1,0.04
Beverage gas services,1,0.04
Automotive Spring Mfg,1,0.04
Office property entity,1,0.04
Performing Arts / Opera,1,0.04
Sheet metal/HVAC,1,0.04
Equipment finance,1,0.04
RV sales/service,1,0.04
REIT property entity,1,0.04
Consumer Goods / Packaging,1,0.04
Life sciences/testing,1,0.04
Eye care (verify),1,0.04
BPO / IT Services,1,0.04
Distillery,1,0.04
Paper manufacturing,1,0.04
Childcare,1,0.04
Commercial Real Estate Development,1,0.04
Industrial materials (verify entity),1,0.04
Aerospace Software / Analytics,1,0.04
Pharmaceutical Mfg,1,0.04
Ceramics/industrial materials,1,0.04
Public Health Administration,1,0.04
Eye care,1,0.04
Industrial Real Estate Development,1,0.04
Defense/aerospace (sub-entity),1,0.04
Linen Supply Service,1,0.04
Facilities Services,1,0.04
Battery Recycling Tech,1,0.04
Steel Mill,1,0.04
Corporate Managing Offices,1,0.04
Mixed-use development (verify),1,0.04
Casino / Gaming,1,0.04
Private/parochial school (verify),1,0.04
Locksmith services,1,0.04
Federal research laboratory,1,0.04
Welding automation (verify),1,0.04
Logistics/3PL,1,0.04
Vehicle armoring,1,0.04
Trade Association,1,0.04
Education cooperative,1,0.04
Logistics/freight forwarding,1,0.04
Healthcare Packaging Mfg,1,0.04
Industrial real estate (verify),1,0.04
Specialty Printing / POP Displays,1,0.04
Technical Documentation,1,0.04
Demolition contractor,1,0.04
Regional commission/public authority,1,0.04
Ortho / sports medicine,1,0.04
Insurance services (likely),1,0.04
Industrial distribution,1,0.04
Retail (firearms-related; classify only),1,0.04
Community housing nonprofit,1,0.04
Overhead doors contractor,1,0.04
Automotive Stamping Mfg,1,0.04
Pain management clinic,1,0.04
Investment entity,1,0.04
Apartment Building,1,0.04
Hospice Care,1,0.04
Board Management Software,1,0.04
Medical lab,1,0.04
Armored Glass Mfg,1,0.04
Pet Product Mfg,1,0.04
Chemical processing,1,0.04
Pharmaceutical equipment/services,1,0.04
IT / Telecom Services,1,0.04
Community Center,1,0.04
Truck Leasing,1,0.04
Beverage (distribution/manufacturing),1,0.04
Food/beverage manufacturing,1,0.04
Corporate AP entity,1,0.04
Printing services,1,0.04
Healthcare communications software,1,0.04
Specialty contracting (insulation/interiors),1,0.04
Property partnership,1,0.04
Pet retail,1,0.04
Shopping center owner entity,1,0.04
Retail REIT / property owner,1,0.04
Metal manufacturing/processing,1,0.04
Industrial property owner,1,0.04
Fitness & Recreational Sports Center,1,0.04
General/specialty contractor,1,0.04
Real Estate Legal Services,1,0.04
Resale Retail / Clothing,1,0.04
Physician Office (Plastic Surgery),1,0.04
Plumbing contractor,1,0.04
Plumbing wholesale,1,0.04
Casino/Entertainment,1,0.04
Retail/entertainment (range),1,0.04
Senior Living Community,1,0.04
Plastics distribution/manufacturing,1,0.04
Electronic components,1,0.04
Facilities Maintenance / Rollouts,1,0.04
Education software,1,0.04
Packaging Mfg,1,0.04
Tooling / machining,1,0.04
Drywall/framing contractor,1,0.04
Design-build contractor,1,0.04
Delivery/installation services,1,0.04
Equipment/material handling services,1,0.04
IT / VoIP Services,1,0.04
Weight Loss / Wellness,1,0.04
Adhesive Manufacturing,1,0.04
IT Solutions,1,0.04
Industrial REIT / logistics real estate,1,0.04
Marketing / Media Services,1,0.04
AgTech / Greenhouse Mfg,1,0.04
Child Care Center,1,0.04
Specialty healthcare,1,0.04
Oncology Clinic,1,0.04
Highway and Street Construction,1,0.04
Business Management,1,0.04
Filtration products,1,0.04
Industrial Control Panels,1,0.04
Metal Fabrication,1,0.04
Investment/property mgmt (unclear),1,0.04
Printing manufacturing,1,0.04
Clinical lab services,1,0.04
Industrial Packaging Solutions,1,0.04
Truck Parts Manufacturing,1,0.04
Restoration contractor,1,0.04
Real Estate Agency,1,0.04
Restaurant / Dining,1,0.04
Grantmaking Foundation,1,0.04
Healthcare services (subrogation/claims),1,0.04
HVAC/boilers/water heating equipment,1,0.04
Property Owners Association,1,0.04
Beverage distribution (not mfg),1,0.04
Power Transmission Equipment Mfg,1,0.04
Industrial motors/drives,1,0.04
Residential Property (Condos),1,0.04
School entity (verify public/charter),1,0.04
Automotive repair/service,1,0.04
Real estate brokerage,1,0.04
Social Assistance Organization,1,0.04
Home improvement services,1,0.04
Dental Laboratory,1,0.04
Label/packaging printing,1,0.04
Industrial gases equipment/service,1,0.04
Equipment dealer/service,1,0.04
Facility Maintenance / Engineering,1,0.04
Home Renovations,1,0.04
Boiler/HVAC service,1,0.04
Oil and Gas Construction,1,0.04
Neurology Clinic,1,0.04
Electric Vehicle Mfg,1,0.04
Property/asset mgmt (unclear),1,0.04
Civil Engineering,1,0.04
Investment Banking / Wealth Mgmt,1,0.04
Indoor Climbing Gym,1,0.04
Paper & Packaging Mfg,1,0.04
Retail / Health Services,1,0.04
Sports complex,1,0.04
Hotel (Courtyard Rookwood),1,0.04
Industrial process equipment,1,0.04
Real estate/property (unclear),1,0.04
Facilities Maintenance Mgmt,1,0.04
Pet food brand (mfg/distribution),1,0.04
Heavy equipment dealer/service,1,0.04
EMS/ambulance services,1,0.04
Fire protection contractor,1,0.04
Remodeling contractor,1,0.04
Glazing Contractor,1,0.04
Scrap processing,1,0.04
Luxury Online Retail,1,0.04
Salon suites / personal care,1,0.04
Music retail,1,0.04
Retail Fulfillment Center,1,0.04
Brewery,1,0.04
Retail Real Estate Development,1,0.04
IT Asset Disposition / Data Wiping,1,0.04
Quick service restaurant,1,0.04
Security hardware manufacturing,1,0.04
Unit Load Device Mfg (Aerospace),1,0.04
Custom Spices / Food Ingredients,1,0.04
Machining & Fabrication,1,0.04
Real Estate Development / Mgmt,1,0.04
Real Estate Investment / Brokerage,1,0.04
Equipment services,1,0.04
Janitorial and facility services,1,0.04
Janitorial Supply Dist,1,0.04
Commercial real estate partners,1,0.04
Drive Technology Mfg,1,0.04
Chamber of commerce,1,0.04
Flooring manufacturing,1,0.04
Carpet Manufacturing,1,0.04
Tourism bureau,1,0.04
Paint/coatings manufacturing,1,0.04
Electrical components,1,0.04
Mechanical/Electrical services,1,0.04
Indoor Shooting Range,1,0.04
Real estate services,1,0.04
Rail systems/equipment,1,0.04
Automotive chemicals/adhesives,1,0.04
Fire/Security Systems,1,0.04
Full-Service Restaurant,1,0.04
Yoga Studio,1,0.04
Scrap metal processing,1,0.04
Commercial Real Estate Mgmt,1,0.04
Foam/furnishings manufacturing,1,0.04
Warehousing,1,0.04
House cleaning franchise,1,0.04
Staffing/trades services,1,0.04
IT services,1,0.04
Furniture retail,1,0.04
EdTech/technology,1,0.04
Industrial automation components,1,0.04
Facility management holding co,1,0.04
Packaging/paper,1,0.04
Hotel / Resort (Soaring Eagle Lodge),1,0.04
Private club/hospitality,1,0.04
Water Treatment Services,1,0.04
Industrial Equipment Rep / Sales,1,0.04
Municipal utility board,1,0.04
Property management (unclear),1,0.04
Security & Comm Solutions,1,0.04
Hospital / Acute Care,1,0.04
Recreation/entertainment (unclear),1,0.04
Animal nonprofit,1,0.04
Specialty Online Retail,1,0.04
Cemetery (often nonprofit),1,0.04
Arts nonprofit,1,0.04
Window coverings manufacturing,1,0.04
Residential/community property,1,0.04
Payments/fintech services,1,0.04
Urban agriculture,1,0.04
Private/parochial school,1,0.04
(listed above; may remain Retail/Hospitality),1,0.04
Medical equipment manufacturing,1,0.04
Structural engineering services,1,0.04
Title/settlement services,1,0.04
HVAC Manufacturer Rep,1,0.04
Hospitality operator,1,0.04
E-commerce fulfillment,1,0.04
Commercial real estate investment,1,0.04
Retirement Community,1,0.04
Early childhood education,1,0.04
Automotive (sales/ops),1,0.04
Semiconductor manufacturing,1,0.04
Behavioral health services,1,0.04
Energy services,1,0.04
Urgent Care Clinic,1,0.04
Ink and Pigment Manufacturing,1,0.04
Senior living / nursing,1,0.04
Auto dealer/group,1,0.04
Car wash services,1,0.04
Retail distribution center,1,0.04
HVAC contractor,1,0.04
Recreation/fitness,1,0.04
Specialty chemicals/materials,1,0.04
Medical devices,1,0.04
HVAC Pumping Systems,1,0.04
Tactical Gear / Holsters,1,0.04
Community Health Center,1,0.04
Investment/property (unclear),1,0.04
Retail Boutique,1,0.04
Retail property entity,1,0.04
Packaging tapes,1,0.04
Department Store,1,0.04
3PL / Logistics,1,0.04
Restaurant franchise,1,0.04
Plastics compounds,1,0.04
Scientific instruments,1,0.04
(covered as TEKWORX),1,0.04
Aerospace/electronics manufacturing,1,0.04
Ag & Turf Supplies Dist,1,0.04
Nonprofit social services,1,0.04
HOA/property association,1,0.04
Oncology practice,1,0.04
Sporting goods retail (online),1,0.04
Data Analytics Software,1,0.04
Consulting/technology,1,0.04
Machinery manufacturing,1,0.04
Industrial chillers/HVAC equipment,1,0.04
Industrial Finishing Systems,1,0.04
Management consulting,1,0.04
Optometry / Eye Care,1,0.04
Adhesives / Sealants Mfg,1,0.04
Sheet metal & HVAC,1,0.04
Automotive shock absorbers,1,0.04
Public school,1,0.04
Printing & graphics,1,0.04
Truck sales & service,1,0.04
Trust / Estate,1,0.04
Sports / Recreation,1,0.04
Industrial fasteners,1,0.04
Building restoration,1,0.04
Condominium ownership,1,0.04
Building Products Dist,1,0.04
Residential Property Managers,1,0.04
Automotive Parts / Logistics,1,0.04
Farm & ranch retail,1,0.04
Industrial Multi-Trade Contractor,1,0.04
Industrial Real Estate Mgmt,1,0.04
Contract Management & Business Services,1,0.04
Transportation asset pooling,1,0.04
Automotive Aftermarket Distribution,1,0.04
Motel,1,0.04
Real Estate Development & Property Services,1,0.04
Time & Attendance Software / Workforce Solutions,1,0.04
General medical and surgical hospital,1,0.04
Senior Living & Post-Acute Care Provider,1,0.04
Restaurant / pub,1,0.04
Property investment entity,1,0.04
Commercial Refrigeration Mfg,1,0.04
Apparel Manufacturing & Distribution,1,0.04
Machine Shop,1,0.04
Gear & Drive Systems Manufacturing,1,0.04
Multifamily housing developer,1,0.04
Industrial supplies distribution,1,0.04
Courier & Express Delivery,1,0.04
Wireless telecommunications,1,0.04
Zinc Chemicals Manufacturing,1,0.04
Financial Services,1,0.04
Moving & storage,1,0.04
Energy research institute,1,0.04
Uniform rental services,1,0.04
Building Construction Services,1,0.04
Facility Services,1,0.04
Commercial Services Provider,1,0.04
Cold storage logistics,1,0.04
Contract Transportation & Mobility Services,1,0.04
Academic medical center,1,0.04
Multi-specialty medical group,1,0.04
Private university,1,0.04
University research facility,1,0.04
IT / Systems Integration,1,0.04
Artisan Cheese Manufacturing,1,0.04
National Lab Operations & Federal R&D Management,1,0.04
Aerospace components,1,0.04
Printing & marketing services,1,0.04
Electronics & Communication Equipment,1,0.04
Automotive systems,1,0.04
Fuel Distribution,1,0.04
Retail – Apparel,1,0.04
Specialty chemicals,1,0.04
Radiation oncology,1,0.04
Private research university,1,0.04
Truck Body & Crane Equipment Manufacturing,1,0.04
Energy services / ESCO,1,0.04
Fire protection systems,1,0.04
Retail Bakery & Food Service,1,0.04
Performing arts nonprofit,1,0.04
Private Catholic School,1,0.04
Windows & doors,1,0.04
Facilities Management & Engineering Services,1,0.04
Title & Escrow Services,1,0.04
Optometry,1,0.04
Endocrinology Clinic,1,0.04
Acronym collision – insufficient context,1,0.04
Industrial Automation Equipment,1,0.04
Economic Development / Tourism,1,0.04
Outdoor Recreation Organization,1,0.04
Rail & industrial equipment,1,0.04
Specialty Retail / Footwear & Accessories,1,0.04
Individual / Ambiguous,1,0.04
Industrial Belting & Conveyor Products,1,0.04
Business Services,1,0.04
Coffee Roasting & Wholesaler,1,0.04
Big Box Retail / Supercenter,1,0.04
Real Estate Management,1,0.04
Warehouse consulting,1,0.04
Animal Shelter,1,0.04
Artisan Chocolate Manufacturing & Retail,1,0.04
Valves and Pipe Fittings Mfg,1,0.04
Metal casting,1,0.04
Industrial Automation Components,1,0.04
Property investment,1,0.04
Private University (Online),1,0.04
Insurance & Financial Services,1,0.04
Life Insurance Carrier,1,0.04
Community services nonprofit,1,0.04
Non-Profit Athletic Organization,1,0.04
Hospital system,1,0.04
Multifamily Residential Property,1,0.04
Hospitality Real Estate,1,0.04
Logistics & Freight Forwarding,1,0.04
Transportation & Logistics,1,0.04
Senior Living / Care Services,1,0.04
Frozen Food Manufacturing,1,0.04
Millwork & doors,1,0.04
Freight Transportation & Logistics,1,0.04
IT Systems Integration,1,0.04
Television Broadcasting & Media,1,0.04
Television broadcasting,1,0.04
Equipment leasing,1,0.04
Automotive Parts Manufacturing,1,0.04
Automotive interiors,1,0.04
Automotive fuel systems,1,0.04
Automotive Stampings,1,0.04
Architectural fenestration,1,0.04
Automotive Manufacturing,1,0.04
Retail Real Estate Management,1,0.04
Automobile Dealership,1,0.04
