Master Customer Name,Master Customer Name Canonical,Industrial Group,Industry Detail,NAICS,Method,Status,Confidence,Rationale,Support Category,Company Website,IsMerge,MergeGroupSize,Customer Key,Customer Number,Original Name,Source,Last Billing Date (Any Stream)
Aigc Solutions,AIGC SOLUTIONS,Unknown / Needs Review,Unidentified,,Unclassified,Final,High,Analyst-approved override (method: Unclassified),,,FALSE,1,CN992148SERV_GP,CN992148,Aigc Solutions,SERV_GP,2022-03-22 00:00:00
Clarke Americanmirc Express,CLARKE AMERICANMIRC EXPRESS,Unknown / Needs Review,Unidentified,,Unclassified,Final,High,Analyst-approved override (method: Unclassified),,,FALSE,1,LV200612SERV_GP,LV200612,Clarke American/Mirc Express,SERV_GP,2023-01-09 00:00:00
Dcm Products,DCM PRODUCTS,Unknown / Needs Review,Unidentified,,Unclassified,Final,High,Analyst-approved override (method: Unclassified),,,FALSE,1,CN991983SERV_GP,CN991983,"Dcm Products, Inc.",SERV_GP,2025-12-19 00:00:00
Det Beverages,DET BEVERAGES,Unknown / Needs Review,Unidentified,,Unclassified,Final,High,Analyst-approved override (method: Unclassified),,,FALSE,1,NV00041SERV_GP,NV00041,Det Beverages Llc,SERV_GP,2025-12-16 00:00:00
Downtime Rebuild,DOWNTIME REBUILD,Unknown / Needs Review,Unidentified,,Unclassified,Final,High,Analyst-approved override (method: Unclassified),,,FALSE,1,CN991958SERV_GP,CN991958,Downtime Rebuild,SERV_GP,2025-10-01 00:00:00
Eco Tec Engineering,ECO TEC ENGINEERING,Unknown / Needs Review,Unidentified,,Unclassified,Final,High,Analyst-approved override (method: Unclassified),,,FALSE,1,ECO TEC ENGINEEMECH_GP,ECO TEC ENGINEE,Eco Tec Engineering,MECH_GP,2013-03-01 00:00:00
Equivis Nora,EQUIVIS NORA,Unknown / Needs Review,Unidentified,,Unclassified,Final,High,Analyst-approved override (method: Unclassified),,,FALSE,1,IN990448SERV_GP,IN990448,Equivis Nora Llc,SERV_GP,2024-10-21 00:00:00
Excel Clips,EXCEL CLIPS,Unknown / Needs Review,Unidentified,,Unclassified,Final,High,Analyst-approved override (method: Unclassified),,,FALSE,1,CN992313SERV_GP,CN992313,Excel Clips Inc,SERV_GP,2024-12-05 00:00:00
Ez Iron Serivce,EZ IRON SERIVCE,Unknown / Needs Review,Unidentified,,Unclassified,Final,High,Analyst-approved override (method: Unclassified),,,FALSE,1,DY991055SERV_GP,DY991055,E-Z Iron Serivce,SERV_GP,2022-07-11 00:00:00
Fast of Northwest Ohio,FAST OF NORTHWEST OHIO,Unknown / Needs Review,Unidentified,,Unclassified,Final,High,Analyst-approved override (method: Unclassified),,,FALSE,1,FAST NWOMECH_GP,FAST NWO,F.A.S.T. Of Northwest Ohio,MECH_GP,2011-12-01 00:00:00
Finnegan and James,FINNEGAN AND JAMES,Unknown / Needs Review,Unidentified,,Unclassified,Final,High,Analyst-approved override (method: Unclassified),,,FALSE,1,FINNEGAN & JAMEMECH_GP,FINNEGAN & JAME,"Finnegan & James, Llc",MECH_GP,2013-07-01 00:00:00
Fluid Handling Technology,FLUID HANDLING TECHNOLOGY,Unknown / Needs Review,Unidentified,,Unclassified,Final,High,Analyst-approved override (method: Unclassified),,,FALSE,1,IN990390SERV_GP,IN990390,Fluid Handling Technology,SERV_GP,2021-12-02 00:00:00
Galatians Too,GALATIANS TOO,Unknown / Needs Review,Unidentified,,Unclassified,Final,High,Analyst-approved override (method: Unclassified),,,FALSE,1,DY990986SERV_GP,DY990986,Galatians Too Llc C/O Equity,SERV_GP,2021-12-13 00:00:00
Galatians Too III IV,GALATIANS TOO III IV,Unknown / Needs Review,Unidentified,,Unclassified,Final,High,Analyst-approved override (method: Unclassified),,,FALSE,1,DY991119SERV_GP,DY991119,Galatians Too Iii Iv Llc,SERV_GP,2024-07-26 00:00:00
Good Huber Mob,GOOD HUBER MOB,Unknown / Needs Review,Unidentified,,Unclassified,Final,High,Analyst-approved override (method: Unclassified),,,FALSE,1,DY990978SERV_GP,DY990978,Good Huber Mob Llc C/O Equity,SERV_GP,2024-12-01 00:00:00
Gw Richmond Excel,GW RICHMOND EXCEL,Unknown / Needs Review,Unidentified,,Unclassified,Final,High,Analyst-approved override (method: Unclassified),,,FALSE,1,TF990002SERV_GP,TF990002,Gw Richmond Excel Llc,SERV_GP,2025-05-30 00:00:00
Ikron,IKRON,Unknown / Needs Review,,,Unclassified,,Low,Insufficient information (evidence: 'Ikron Corporation'),,,FALSE,1,CN992201SERV_GP,CN992201,Ikron Corporation,SERV_GP,2023-06-02 00:00:00
Impact Service Group,IMPACT SERVICE GROUP,Unknown / Needs Review,,,Unclassified,,Low,Insufficient information (evidence: 'Impact Service Group'),,,FALSE,1,LX990495SERV_GP,LX990495,Impact Service Group,SERV_GP,2025-07-12 00:00:00
In Motion Orthopadeics,IN MOTION ORTHOPADEICS,Unknown / Needs Review,,,Unclassified,,Low,Insufficient information (evidence: 'In Motion Orthopadeics'),,,FALSE,1,IN990464SERV_GP,IN990464,In Motion Orthopadeics,SERV_GP,2025-10-01 00:00:00
Index,INDEX,Unknown / Needs Review,,,Unclassified,,Low,Insufficient information (evidence: 'Index Corporation'),,,FALSE,1,IN990394SERV_GP,IN990394,Index Corporation,SERV_GP,2021-08-13 00:00:00
India Bazaar,INDIA BAZAAR,Unknown / Needs Review,,,Unclassified,,Low,Insufficient information (evidence: 'India Bazaar'),,,FALSE,1,NV15086SERV_GP,NV15086,India Bazaar,SERV_GP,2025-09-01 00:00:00
Indiana Podiatry Group,INDIANA PODIATRY GROUP,Unknown / Needs Review,,,Unclassified,,Low,Insufficient information (evidence: 'Indiana Podiatry Group'),,,FALSE,1,IN990237SERV_GP,IN990237,Indiana Podiatry Group,SERV_GP,2023-04-01 00:00:00
Indiana Spine Group Muncie,INDIANA SPINE GROUP MUNCIE,Unknown / Needs Review,,,Unclassified,,Low,Insufficient information (evidence: 'Indiana Spine Group Muncie'),,,FALSE,1,IN990494SERV_GP,IN990494,Indiana Spine Group Muncie,SERV_GP,2025-01-15 00:00:00
Indoor Tennis Club,INDOOR TENNIS CLUB,Unknown / Needs Review,,,Unclassified,,Low,Insufficient information (evidence: 'The Indoor Tennis Club'),,,FALSE,1,THE INDOOR TENNMECH_GP,THE INDOOR TENN,The Indoor Tennis Club,MECH_GP,2021-07-01 00:00:00
Industrial Sorting Services,INDUSTRIAL SORTING SERVICES,Unknown / Needs Review,,,Unclassified,,Low,Insufficient information (evidence: 'Industrial Sorting Services'),,,FALSE,1,CN992012SERV_GP,CN992012,Industrial Sorting Services,SERV_GP,2022-12-01 00:00:00
Industry Products,INDUSTRY PRODUCTS,Unknown / Needs Review,,,Unclassified,,Low,Insufficient information (evidence: 'Industry Products Co'),,,FALSE,1,DY991153SERV_GP,DY991153,Industry Products Co,SERV_GP,2025-05-19 00:00:00
Infiniti Plastics and Engineering,INFINITI PLASTICS AND ENGINEERING,Unknown / Needs Review,,,Unclassified,,Low,Insufficient information (evidence: 'Infiniti Plastics & Engineering Inc'),,,FALSE,1,LV990478SERV_GP,LV990478,Infiniti Plastics & Engineering Inc,SERV_GP,2023-11-02 00:00:00
Infinity Global Dayton DC,INFINITY GLOBAL DAYTON DC,Unknown / Needs Review,,,Unclassified,,Low,Insufficient information (evidence: 'Infinity Global Dayton Dc'),,,FALSE,1,DY991068SERV_GP,DY991068,Infinity Global Dayton Dc,SERV_GP,2025-12-31 00:00:00
Infintech,INFINTECH,Unknown / Needs Review,,,Unclassified,,Low,Insufficient information (evidence: 'Infintech'),,,FALSE,1,CN992028SERV_GP,CN992028,Infintech,SERV_GP,2025-01-16 00:00:00
Ingersoll-Rand,INGERSOLL-RAND,Unknown / Needs Review,,,Unclassified,,Low,Insufficient information (evidence: 'Ingersoll-Rand'),,,TRUE,2,CN992318SERV_GP,CN992318,Ingersoll Rand,SERV_GP,2025-10-24 00:00:00
Ingersoll-Rand,INGERSOLL-RAND,Unknown / Needs Review,,,Unclassified,,Low,Insufficient information (evidence: 'Ingersoll-Rand'),,,TRUE,2,INGERSOLL-RANDMECH_GP,INGERSOLL-RAND,Ingersoll-Rand Customer Center,MECH_GP,2007-03-01 00:00:00
Ingredion,INGREDION,Unknown / Needs Review,,,Unclassified,,Low,Insufficient information (evidence: 'Ingredion Incorporated'),,,FALSE,1,IN990491SERV_GP,IN990491,Ingredion Incorporated,SERV_GP,2025-12-18 00:00:00
Innerwood and,INNERWOOD AND,Unknown / Needs Review,,,Unclassified,,Low,Insufficient information (evidence: 'Innerwood & Company'),,,FALSE,1,CN992317SERV_GP,CN992317,Innerwood & Company,SERV_GP,2025-01-17 00:00:00
Innovative Energy Solutions,INNOVATIVE ENERGY SOLUTIONS,Unknown / Needs Review,,,Unclassified,,Low,Insufficient information (evidence: 'Innovative Energy Solutions'),,,FALSE,1,INNOVATIVE ENERMECH_GP,INNOVATIVE ENER,Innovative Energy Solutions,MECH_GP,2013-10-01 00:00:00
Insight Energy Solutions,INSIGHT ENERGY SOLUTIONS,Unknown / Needs Review,,,Unclassified,,Low,Insufficient information (evidence: 'Insight Energy Solutions'),,,FALSE,1,NV15028SERV_GP,NV15028,Insight Energy Solutions,SERV_GP,2024-09-01 00:00:00
Intelligrated,INTELLIGRATED,Unknown / Needs Review,,,Unclassified,,Low,Insufficient information (evidence: 'Intelligrated'),,,FALSE,1,INTELLIGRATEDMECH_GP,INTELLIGRATED,Intelligrated,MECH_GP,2018-02-01 00:00:00
International Paper,INTERNATIONAL PAPER,Unknown / Needs Review,,,Unclassified,,Low,Insufficient information (evidence: 'International Paper'),,,FALSE,1,TN200508SERV_GP,TN200508,International Paper,SERV_GP,2025-12-16 00:00:00
International Truck,INTERNATIONAL TRUCK,Unknown / Needs Review,,,Unclassified,,Low,Insufficient information (evidence: 'International Truck'),,,FALSE,1,INT TRUCKMECH_GP,INT TRUCK,International Truck,MECH_GP,2006-11-01 00:00:00
Interplastic,INTERPLASTIC,Unknown / Needs Review,,,Unclassified,,Low,Insufficient information (evidence: 'Interplastic Corporation'),,,FALSE,1,CN991835SERV_GP,CN991835,Interplastic Corporation,SERV_GP,2025-11-01 00:00:00
Intertech Mechanical Services,INTERTECH MECHANICAL SERVICES,Unknown / Needs Review,,,Unclassified,,Low,Insufficient information (evidence: 'Intertech Mechanical Services'),,,FALSE,1,LX990453SERV_GP,LX990453,Intertech Mechanical Services,SERV_GP,2023-09-13 00:00:00
Intralot,INTRALOT,Unknown / Needs Review,,,Unclassified,,Low,"Insufficient information (evidence: 'Intralot, Inc.')",,,TRUE,2,CN991234SERV_GP,CN991234,"Intralot, Inc.",SERV_GP,2025-11-01 00:00:00
Intralot,INTRALOT,Unknown / Needs Review,,,Unclassified,,Low,"Insufficient information (evidence: 'Intralot, Inc.')",,,TRUE,2,INTRALOTMECH_GP,INTRALOT,"Intralot, Inc.",MECH_GP,2010-05-01 00:00:00
Inx International,INX INTERNATIONAL,Unknown / Needs Review,,,Unclassified,,Low,Insufficient information (evidence: 'Inx International'),,,FALSE,1,CN992084SERV_GP,CN992084,Inx International,SERV_GP,2025-12-01 00:00:00
Ipeg Billing,IPEG BILLING,Unknown / Needs Review,,,Unclassified,,Low,"Insufficient information (evidence: 'Ipeg, Inc - Billing')",,,FALSE,1,NV00120SERV_GP,NV00120,"Ipeg, Inc - Billing",SERV_GP,2026-01-01 00:00:00
Itw,ITW,Unknown / Needs Review,,,Unclassified,,Low,Insufficient information (evidence: 'Itw'),,,FALSE,1,ITW001SERV_GP,ITW001,Itw,SERV_GP,2021-05-04 00:00:00
Itw Food Equipment Group,ITW FOOD EQUIPMENT GROUP,Unknown / Needs Review,,,Unclassified,,Low,Insufficient information (evidence: 'Itw Food Equipment Group'),,,FALSE,1,DY991167SERV_GP,DY991167,Itw Food Equipment Group,SERV_GP,2025-11-03 00:00:00
Ivan Funk,IVAN FUNK,Unknown / Needs Review,,,Unclassified,,Low,Insufficient information (evidence: 'Ivan Funk Llc'),,,FALSE,1,LV990421SERV_GP,LV990421,Ivan Funk Llc,SERV_GP,2020-11-04 00:00:00
Ivax Pharmaceuticals,IVAX PHARMACEUTICALS,Unknown / Needs Review,,,Unclassified,,Low,Insufficient information (evidence: 'Ivax Pharmaceuticals'),,,FALSE,1,IVAXMECH_GP,IVAX,Ivax Pharmaceuticals,MECH_GP,2005-08-01 00:00:00
Ivey Mechanical,IVEY MECHANICAL,Unknown / Needs Review,,,Unclassified,,Low,Insufficient information (evidence: 'Ivey Mechanical Company Llc'),,,FALSE,1,CN992129SERV_GP,CN992129,Ivey Mechanical Company Llc,SERV_GP,2021-08-27 00:00:00
J and F Mechanical,J AND F MECHANICAL,Unknown / Needs Review,,,Unclassified,,Low,Insufficient information (evidence: 'J&F Mechanical'),,,FALSE,1,TN991777SERV_GP,TN991777,J&F Mechanical,SERV_GP,2026-01-01 00:00:00
J and J General Maintenance,J AND J GENERAL MAINTENANCE,Unknown / Needs Review,,,Unclassified,,Low,Insufficient information (evidence: 'J&J General Maintenance Inc'),,,FALSE,1,LX990487SERV_GP,LX990487,J&J General Maintenance Inc,SERV_GP,2025-09-01 00:00:00
J and N Distribution and Design,J AND N DISTRIBUTION AND DESIGN,Unknown / Needs Review,,,Unclassified,,Low,"Insufficient information (evidence: 'J&N Distribution & Design, Inc.')",,,FALSE,1,CN990856SERV_GP,CN990856,"J&N Distribution & Design, Inc.",SERV_GP,2025-10-01 00:00:00
Ja Fielden,JA FIELDEN,Unknown / Needs Review,,,Unclassified,,Low,Insufficient information (evidence: 'Ja Fielden'),,,FALSE,1,CN990026SERV_GP,CN990026,Ja Fielden,SERV_GP,2020-11-05 00:00:00
Jabil Circuit,JABIL CIRCUIT,Unknown / Needs Review,,,Unclassified,,Low,Insufficient information (evidence: 'Jabil Circuit Inc'),,,FALSE,1,CN992076SERV_GP,CN992076,Jabil Circuit Inc,SERV_GP,2025-04-01 00:00:00
Jack Albrecht,JACK ALBRECHT,Unknown / Needs Review,,,Unclassified,,Low,Insufficient information (evidence: 'Jack Albrecht'),,,FALSE,1,TN200502SERV_GP,TN200502,Jack Albrecht,SERV_GP,2025-04-21 00:00:00
Jack Albrecht Residents,JACK ALBRECHT RESIDENTS,Unknown / Needs Review,,,Unclassified,,Low,Insufficient information (evidence: 'Jack Albrecht Residents'),,,FALSE,1,"ALBRECHT, JACKMECH_GP","ALBRECHT, JACK",Jack Albrecht Residents,MECH_GP,2015-08-01 00:00:00
Jackson Control,JACKSON CONTROL,Unknown / Needs Review,,,Unclassified,,Low,Insufficient information (evidence: 'Jackson Control Co Inc'),,,FALSE,1,TN992073SERV_GP,TN992073,Jackson Control Co Inc,SERV_GP,2023-04-19 00:00:00
Jaguar Land Rover Cincinnati,JAGUAR LAND ROVER CINCINNATI,Unknown / Needs Review,,,Unclassified,,Low,Insufficient information (evidence: 'Jaguar Land Rover Cincinnati'),,,FALSE,1,CN990911SERV_GP,CN990911,Jaguar Land Rover Cincinnati,SERV_GP,2025-07-01 00:00:00
Jamie Endaya,JAMIE ENDAYA,Unknown / Needs Review,,,Unclassified,,Low,Insufficient information (evidence: 'Jamie Endaya'),,,FALSE,1,CN992181SERV_GP,CN992181,Jamie Endaya,SERV_GP,2025-06-27 00:00:00
Janell Concrete,JANELL CONCRETE,Unknown / Needs Review,,,Unclassified,,Low,Insufficient information (evidence: 'Janell Concrete'),,,FALSE,1,CN991866SERV_GP,CN991866,Janell Concrete,SERV_GP,2025-09-01 00:00:00
Jay Hewitt,JAY HEWITT,Unknown / Needs Review,,,Unclassified,,Low,Insufficient information (evidence: 'Jay Hewitt'),,,FALSE,1,NV00129SERV_GP,NV00129,Jay Hewitt,SERV_GP,2022-04-02 00:00:00
Jayco Cleaning Technologies,JAYCO CLEANING TECHNOLOGIES,Unknown / Needs Review,,,Unclassified,,Low,Insufficient information (evidence: 'Jayco Cleaning Technologies'),,,FALSE,1,CN992064SERV_GP,CN992064,Jayco Cleaning Technologies,SERV_GP,2021-10-01 00:00:00
Jdl Warm,JDL WARM,Unknown / Needs Review,,,Unclassified,,Low,Insufficient information (evidence: 'Jdl Warm'),,,FALSE,1,JDLMECH_GP,JDL,Jdl Warm,MECH_GP,2024-12-01 00:00:00
Jeff Wyler Fairfield,JEFF WYLER FAIRFIELD,Unknown / Needs Review,,,Unclassified,,Low,Insufficient information (evidence: 'Jeff Wyler Fairfield'),,,FALSE,1,CN991185SERV_GP,CN991185,Jeff Wyler Fairfield,SERV_GP,2026-01-01 00:00:00
Jeffersonville Animal Shelter,JEFFERSONVILLE ANIMAL SHELTER,Unknown / Needs Review,,,Unclassified,,Low,Insufficient information (evidence: 'Jeffersonville Animal Shelter'),,,FALSE,1,LV990492SERV_GP,LV990492,Jeffersonville Animal Shelter,SERV_GP,2024-01-17 00:00:00
Jennifer Banner Residence,JENNIFER BANNER RESIDENCE,Unknown / Needs Review,,,Unclassified,,Low,Insufficient information (evidence: 'Jennifer Banner Residence'),,,FALSE,1,TN991453SERV_GP,TN991453,Jennifer Banner Residence,SERV_GP,2025-08-18 00:00:00
Jennifer Hawkins State Farm,JENNIFER HAWKINS STATE FARM,Unknown / Needs Review,,,Unclassified,,Low,Insufficient information (evidence: 'Jennifer Hawkins State Farm'),,,FALSE,1,LX990436SERV_GP,LX990436,Jennifer Hawkins State Farm,SERV_GP,2023-04-06 00:00:00
Jerrod Herron,JERROD HERRON,Unknown / Needs Review,,,Unclassified,,Low,Insufficient information (evidence: 'Jerrod Herron'),,,FALSE,1,TN992241SERV_GP,TN992241,Jerrod Herron,SERV_GP,2025-11-04 00:00:00
Jerry R Smith Architect,JERRY R SMITH ARCHITECT,Unknown / Needs Review,,,Unclassified,,Low,Insufficient information (evidence: 'Jerry R Smith Architect'),,,FALSE,1,WV990262SERV_GP,WV990262,Jerry R Smith Architect,SERV_GP,2021-03-05 00:00:00
Jf Berns,JF BERNS,Unknown / Needs Review,,,Unclassified,,Low,Insufficient information (evidence: 'Jf Berns'),,,FALSE,1,CN992096SERV_GP,CN992096,Jf Berns,SERV_GP,2024-01-22 00:00:00
Jfk Enterprises,JFK ENTERPRISES,Unknown / Needs Review,,,Unclassified,,Low,Insufficient information (evidence: 'Jfk Enterprises Llc'),,,FALSE,1,TN992149SERV_GP,TN992149,Jfk Enterprises Llc,SERV_GP,2025-11-01 00:00:00
Jm Smucker,JM SMUCKER,Unknown / Needs Review,,,Unclassified,,Low,Insufficient information (evidence: 'J.M. Smucker Company'),,,TRUE,2,LX950130SERV_GP,LX950130,J.M. Smucker Company,SERV_GP,2025-07-01 00:00:00
Jm Smucker,JM SMUCKER,Unknown / Needs Review,,,Unclassified,,Low,Insufficient information (evidence: 'J.M. Smucker Company'),,,TRUE,2,JM SMUCKERSMECH_GP,JM SMUCKERS,"Jm Smucker Company, Llc",MECH_GP,2018-02-01 00:00:00
Jml Capital,JML CAPITAL,Unknown / Needs Review,,,Unclassified,,Low,Insufficient information (evidence: 'Jml Capital Llc'),,,FALSE,1,CN992258SERV_GP,CN992258,Jml Capital Llc,SERV_GP,2025-12-08 00:00:00
Jn Linrose,JN LINROSE,Unknown / Needs Review,,,Unclassified,,Low,Insufficient information (evidence: 'J.N. Linrose'),,,FALSE,1,CN991967SERV_GP,CN991967,J.N. Linrose,SERV_GP,2025-10-08 00:00:00
Johnson and Galyon,JOHNSON AND GALYON,Unknown / Needs Review,,,Unclassified,,Low,"Insufficient information (evidence: 'Johnson & Galyon, Inc.')",,,FALSE,1,TN332133SERV_GP,TN332133,"Johnson & Galyon, Inc.",SERV_GP,2023-09-19 00:00:00
Johnsonnorthwest,JOHNSONNORTHWEST,Unknown / Needs Review,,,Unclassified,,Low,"Insufficient information (evidence: 'Johnson-Northwest, Inc')",,,FALSE,1,WV990261SERV_GP,WV990261,"Johnson-Northwest, Inc",SERV_GP,2022-05-13 00:00:00
Jones Lang Lasalle Americas,JONES LANG LASALLE AMERICAS,Unknown / Needs Review,,,Unclassified,,Low,"Insufficient information (evidence: 'Jones Lang Lasalle Americas, Inc')",,,FALSE,1,JONES LANG LASAMECH_GP,JONES LANG LASA,"Jones Lang Lasalle Americas, Inc",MECH_GP,2025-06-01 00:00:00
Jones Lang Lasalle JLL Amazon,JONES LANG LASALLE JLL AMAZON,Unknown / Needs Review,,,Unclassified,,Low,Insufficient information (evidence: 'Jones Lang Lasalle - Jll Amazon'),,,FALSE,1,WV990268SERV_GP,WV990268,Jones Lang Lasalle - Jll Amazon,SERV_GP,2025-12-01 00:00:00
Joseph Grenvicz,JOSEPH GRENVICZ,Unknown / Needs Review,,,Unclassified,,Low,Insufficient information (evidence: 'Joseph Grenvicz'),,,FALSE,1,NV00073SERV_GP,NV00073,Joseph Grenvicz,SERV_GP,2024-11-13 00:00:00
Joy Global Underground Mining,JOY GLOBAL UNDERGROUND MINING,Unknown / Needs Review,,,Unclassified,,Low,Insufficient information (evidence: 'Joy Global Underground Mining Llc'),,,FALSE,1,LX990454SERV_GP,LX990454,Joy Global Underground Mining Llc,SERV_GP,2024-05-28 00:00:00
Js Held,JS HELD,Unknown / Needs Review,,,Unclassified,,Low,Insufficient information (evidence: 'Js Held Llc'),,,FALSE,1,CN992282SERV_GP,CN992282,Js Held Llc,SERV_GP,2024-10-01 00:00:00
Jtekt North America,JTEKT NORTH AMERICA,Unknown / Needs Review,,,Unclassified,,Low,Insufficient information (evidence: 'Jtekt North America'),,,FALSE,1,TN992182SERV_GP,TN992182,Jtekt North America,SERV_GP,2024-10-31 00:00:00
Jw Harris,JW HARRIS,Unknown / Needs Review,,,Unclassified,,Low,"Insufficient information (evidence: 'Jw Harris Co., Inc.')",,,FALSE,1,JW HARRISMECH_GP,JW HARRIS,"Jw Harris Co., Inc.",MECH_GP,2006-08-01 00:00:00
Jw Marriot,JW MARRIOT,Unknown / Needs Review,,,Unclassified,,Low,Insufficient information (evidence: 'J.W. Marriot'),,,FALSE,1,NV00175SERV_GP,NV00175,J.W. Marriot,SERV_GP,2022-03-15 00:00:00
Jwf Technologies,JWF TECHNOLOGIES,Unknown / Needs Review,,,Unclassified,,Low,Insufficient information (evidence: 'Jwf Technologies'),,,FALSE,1,CN991846SERV_GP,CN991846,Jwf Technologies,SERV_GP,2025-12-17 00:00:00
K and L Allstar Investments,K AND L ALLSTAR INVESTMENTS,Unknown / Needs Review,,,Unclassified,,Low,Insufficient information (evidence: 'K&L Allstar Investments Llc C/O Equity'),,,FALSE,1,DY990962SERV_GP,DY990962,K&L Allstar Investments Llc C/O Equity,SERV_GP,2021-04-15 00:00:00
K4 Architecture,K4 ARCHITECTURE,Unknown / Needs Review,,,Unclassified,,Low,Insufficient information (evidence: 'K4 Architecture'),,,FALSE,1,K4 ARCHITECTMECH_GP,K4 ARCHITECT,K4 Architecture,MECH_GP,2013-06-01 00:00:00
KY Smelting Technolgies,KY SMELTING TECHNOLGIES,Unknown / Needs Review,,,Unclassified,,Low,Insufficient information (evidence: 'Ky Smelting Technolgies'),,,FALSE,1,LX990129SERV_GP,LX990129,Ky Smelting Technolgies,SERV_GP,2025-11-01 00:00:00
Kaeser and Blair,KAESER AND BLAIR,Unknown / Needs Review,,,Unclassified,,Low,Insufficient information (evidence: 'Kaeser & Blair'),,,FALSE,1,CN991890SERV_GP,CN991890,Kaeser & Blair,SERV_GP,2025-10-15 00:00:00
Kajima Building and Design Group,KAJIMA BUILDING AND DESIGN GROUP,Unknown / Needs Review,,,Unclassified,,Low,"Insufficient information (evidence: 'Kajima Building & Design Group, Inc')",,,TRUE,2,KBDMECH_GP,KBD,"Kajima Building & Design Group, Inc",MECH_GP,2022-05-01 00:00:00
Kajima Building and Design Group,KAJIMA BUILDING AND DESIGN GROUP,Unknown / Needs Review,,,Unclassified,,Low,"Insufficient information (evidence: 'Kajima Building & Design Group, Inc')",,,TRUE,2,KAJIMECH_GP,KAJI,"Kajima Building & Design Group, Inc.",MECH_GP,2013-11-01 00:00:00
Kao Brands,KAO BRANDS,Unknown / Needs Review,,,Unclassified,,Low,Insufficient information (evidence: 'Kao Brands'),,,FALSE,1,KAOMECH_GP,KAO,Kao Brands,MECH_GP,2007-06-01 00:00:00
Karen Harbin,KAREN HARBIN,Unknown / Needs Review,,,Unclassified,,Low,Insufficient information (evidence: 'Karen Harbin'),,,FALSE,1,LX990373SERV_GP,LX990373,Karen Harbin,SERV_GP,2021-12-02 00:00:00
Karla Ricking,KARLA RICKING,Unknown / Needs Review,,,Unclassified,,Low,Insufficient information (evidence: 'Karla Ricking'),,,FALSE,1,CN950451SERV_GP,CN950451,Karla Ricking,SERV_GP,2023-02-01 00:00:00
Kay Robinson,KAY ROBINSON,Unknown / Needs Review,,,Unclassified,,Low,Insufficient information (evidence: 'Kay Robinson'),,,FALSE,1,DY991054SERV_GP,DY991054,Kay Robinson,SERV_GP,2022-06-23 00:00:00
Kbc Buyer Dba Klosterman Baking,KBC BUYER DBA KLOSTERMAN BAKING,Unknown / Needs Review,,,Unclassified,,Low,Insufficient information (evidence: 'Kbc Buyer Inc Dba Klosterman Baking Company'),,,FALSE,1,CN992366SERV_GP,CN992366,Kbc Buyer Inc Dba Klosterman Baking Company,SERV_GP,2025-09-25 00:00:00
Kbd Group,KBD GROUP,Unknown / Needs Review,,,Unclassified,,Low,Insufficient information (evidence: 'Kbd Group Inc'),,,FALSE,1,LV990498SERV_GP,LV990498,Kbd Group Inc,SERV_GP,2024-02-24 00:00:00
Kdc One,KDC ONE,Unknown / Needs Review,,,Unclassified,,Low,Insufficient information (evidence: 'Kdc One'),,,FALSE,1,DY991064SERV_GP,DY991064,Kdc One,SERV_GP,2024-04-22 00:00:00
Keenland Heights,KEENLAND HEIGHTS,Unknown / Needs Review,,,Unclassified,,Low,Insufficient information (evidence: 'Keenland Heights Llc'),,,FALSE,1,TN992127SERV_GP,TN992127,Keenland Heights Llc,SERV_GP,2025-11-04 00:00:00
Keidel Supply,KEIDEL SUPPLY,Unknown / Needs Review,,,Unclassified,,Low,Insufficient information (evidence: 'Keidel Supply Company'),,,FALSE,1,KEIDEL SUPPLYMECH_GP,KEIDEL SUPPLY,Keidel Supply Company,MECH_GP,2012-03-01 00:00:00
Keller Warehousing and Packing,KELLER WAREHOUSING AND PACKING,Unknown / Needs Review,,,Unclassified,,Low,Insufficient information (evidence: 'Keller Warehousing & Co-Packing'),,,FALSE,1,CN992233SERV_GP,CN992233,Keller Warehousing & Co-Packing,SERV_GP,2025-11-01 00:00:00
Kenco Logistic Services,KENCO LOGISTIC SERVICES,Unknown / Needs Review,,,Unclassified,,Low,"Insufficient information (evidence: 'Kenco Logistic Services, Llc')",,,FALSE,1,KENCOMECH_GP,KENCO,"Kenco Logistic Services, Llc",MECH_GP,2016-11-01 00:00:00
Kenco Logistics,KENCO LOGISTICS,Unknown / Needs Review,,,Unclassified,,Low,Insufficient information (evidence: 'Kenco Logistics'),,,TRUE,2,DY990942SERV_GP,DY990942,Kenco Logistics,SERV_GP,2025-11-04 00:00:00
Kenco Logistics,KENCO LOGISTICS,Unknown / Needs Review,,,Unclassified,,Low,Insufficient information (evidence: 'Kenco Logistics'),,,TRUE,2,DY991053SERV_GP,DY991053,Kenco Logistics,SERV_GP,2025-11-12 00:00:00
Kenneth C Wood,KENNETH C WOOD,Unknown / Needs Review,,,Unclassified,,Low,Insufficient information (evidence: 'Kenneth C. Wood'),,,FALSE,1,"WOOD, KENNETHMECH_GP","WOOD, KENNETH",Kenneth C. Wood,MECH_GP,2005-07-01 00:00:00
Kentucky Blood Center,KENTUCKY BLOOD CENTER,Unknown / Needs Review,,,Unclassified,,Low,Insufficient information (evidence: 'Kentucky Blood Center Inc'),,,FALSE,1,LX990488SERV_GP,LX990488,Kentucky Blood Center Inc,SERV_GP,2025-12-30 00:00:00
Kentucky Underground Storage,KENTUCKY UNDERGROUND STORAGE,Unknown / Needs Review,,,Unclassified,,Low,Insufficient information (evidence: 'Kentucky Underground Storage Inc'),,,FALSE,1,LX950108SERV_GP,LX950108,Kentucky Underground Storage Inc,SERV_GP,2020-10-08 00:00:00
Kentwood Office Furniture,KENTWOOD OFFICE FURNITURE,Unknown / Needs Review,,,Unclassified,,Low,Insufficient information (evidence: 'Kentwood Office Furniture'),,,FALSE,1,IN990403SERV_GP,IN990403,Kentwood Office Furniture,SERV_GP,2025-09-01 00:00:00
Kevin Wilson,KEVIN WILSON,Unknown / Needs Review,,,Unclassified,,Low,Insufficient information (evidence: 'Kevin Wilson'),,,FALSE,1,CN992206SERV_GP,CN992206,Kevin Wilson,SERV_GP,2022-10-25 00:00:00
Keyme,KEYME,Unknown / Needs Review,,,Unclassified,,Low,Insufficient information (evidence: 'Keyme Llc'),,,FALSE,1,CN992095SERV_GP,CN992095,Keyme Llc,SERV_GP,2025-09-01 00:00:00
Ki USA,KI USA,Unknown / Needs Review,,,Unclassified,,Low,Insufficient information (evidence: 'Ki Usa'),,,FALSE,1,LX990492SERV_GP,LX990492,Ki Usa,SERV_GP,2025-12-02 00:00:00
Kid City USA Franklin,KID CITY USA FRANKLIN,Unknown / Needs Review,,,Unclassified,,Low,Insufficient information (evidence: 'Kid City Usa Franklin'),,,FALSE,1,NV15096SERV_GP,NV15096,Kid City Usa Franklin,SERV_GP,2025-11-01 00:00:00
Kiesland,KIESLAND,Unknown / Needs Review,,,Unclassified,,Low,Insufficient information (evidence: 'Kiesland Inc.'),,,FALSE,1,KIESMECH_GP,KIES,Kiesland Inc.,MECH_GP,2011-12-01 00:00:00
Kindeva,KINDEVA,Unknown / Needs Review,,,Unclassified,,Low,Insufficient information (evidence: 'Kindeva'),,,FALSE,1,LX990473SERV_GP,LX990473,Kindeva,SERV_GP,2025-12-26 00:00:00
Kkt Chillers,KKT CHILLERS,Commercial Services,HVAC equipment/services (unclear),,AI Analyst Research,Queued,Low,Queued for AI analyst research,,,FALSE,1,NV15002SERV_GP,NV15002,Kkt Chillers,SERV_GP,2023-03-12 00:00:00
Kppe,KPPE,Unknown / Needs Review,,,Unclassified,,Low,Insufficient information (evidence: 'K.P.P.E.'),,,FALSE,1,KPPEMECH_GP,KPPE,K.P.P.E.,MECH_GP,2008-09-01 00:00:00
Landform,LANDFORM,Unknown / Needs Review,,,Unclassified,,Low,Insufficient information (evidence: 'Landform'),,,FALSE,1,LANDFORMMECH_GP,LANDFORM,Landform,MECH_GP,2017-07-01 00:00:00
Lasership Dba Ontrac,LASERSHIP DBA ONTRAC,Unknown / Needs Review,,,Unclassified,,Low,Insufficient information (evidence: 'Lasership Dba Ontrac'),,,FALSE,1,DY991050SERV_GP,DY991050,Lasership Dba Ontrac,SERV_GP,2025-12-11 00:00:00
Latonia Bulk,LATONIA BULK,Unknown / Needs Review,,,Unclassified,,Low,Insufficient information (evidence: 'Latonia Bulk Llc'),,,FALSE,1,CN992299SERV_GP,CN992299,Latonia Bulk Llc,SERV_GP,2025-02-24 00:00:00
Lawrence Brothers,LAWRENCE BROTHERS,Unknown / Needs Review,,,Unclassified,,Low,Insufficient information (evidence: 'Lawrence Brothers'),,,FALSE,1,WV990277SERV_GP,WV990277,Lawrence Brothers,SERV_GP,2023-01-31 00:00:00
Lemond Bikes,LEMOND BIKES,Commercial Services,Retail/brand (verify),,AI Analyst Research,Queued,Low,Queued for AI analyst research,Hospitality,,FALSE,1,TN992037SERV_GP,TN992037,Lemond Bikes,SERV_GP,2023-02-01 00:00:00
Lemond Composites,LEMOND COMPOSITES,Unknown / Needs Review,,,Unclassified,,Low,Insufficient information (evidence: 'Lemond Composites'),,,FALSE,1,TN991813SERV_GP,TN991813,Lemond Composites,SERV_GP,2023-05-10 00:00:00
Lennox Industry Warranty Dept,LENNOX INDUSTRY WARRANTY DEPT,Unknown / Needs Review,,,Unclassified,,Low,Insufficient information (evidence: 'Lennox Industry Inc - Warranty Dept'),,,FALSE,1,NV00088SERV_GP,NV00088,Lennox Industry Inc - Warranty Dept,SERV_GP,2022-06-24 00:00:00
Leopardo Companies,LEOPARDO COMPANIES,Commercial Services,Property/contracting (unclear),,AI Analyst Research,Queued,Low,Queued for AI analyst research,,,FALSE,1,LEOPARDOMECH_GP,LEOPARDO,"Leopardo Companies, Inc.",MECH_GP,2026-01-01 00:00:00
Levi Strauss and,LEVI STRAUSS AND,Unknown / Needs Review,,,Unclassified,,Low,Insufficient information (evidence: 'Levi Strauss & Company'),,,FALSE,1,CN960242SERV_GP,CN960242,Levi Strauss & Company,SERV_GP,2022-07-01 00:00:00
Lhp Telematic,LHP TELEMATIC,Unknown / Needs Review,,,Unclassified,,Low,Insufficient information (evidence: 'Lhp Telematic'),,,FALSE,1,IN990151SERV_GP,IN990151,Lhp Telematic,SERV_GP,2025-04-15 00:00:00
Lifetime Products,LIFETIME PRODUCTS,Unknown / Needs Review,,,Unclassified,,Low,Insufficient information (evidence: 'Lifetime Products Inc'),,,FALSE,1,TN992035SERV_GP,TN992035,Lifetime Products Inc,SERV_GP,2025-11-03 00:00:00
Light Source,LIGHT SOURCE,Unknown / Needs Review,,,Unclassified,,Low,"Insufficient information (evidence: 'Light Source, Ltd')",,,FALSE,1,"LIGHT SOURCE, LMECH_GP","LIGHT SOURCE, L","Light Source, Ltd",MECH_GP,2009-11-01 00:00:00
Lima USA,LIMA USA,Unknown / Needs Review,,,Unclassified,,Low,Insufficient information (evidence: 'Lima Usa Inc'),,,FALSE,1,TN991989SERV_GP,TN991989,Lima Usa Inc,SERV_GP,2023-08-01 00:00:00
Louisville Ilal Operations Dba Harmony at Tucker Station,LOUISVILLE ILAL OPERATIONS DBA HARMONY AT TUCKER STATION,Unknown / Needs Review,,,Unclassified,,Low,Insufficient information (evidence: 'Louisville Il-Al Operations Llc Dba Harmony At Tucker Station'),,,FALSE,1,LV990475SERV_GP,LV990475,Louisville Il-Al Operations Llc Dba Harmony At Tucker Station,SERV_GP,2023-07-05 00:00:00
Louisville Vegan Jerky,LOUISVILLE VEGAN JERKY,Unknown / Needs Review,,,Unclassified,,Low,Insufficient information (evidence: 'Louisville Vegan Jerky Company'),,,FALSE,1,LV990460SERV_GP,LV990460,Louisville Vegan Jerky Company,SERV_GP,2025-11-01 00:00:00
MA Folkes,MA FOLKES,Unknown / Needs Review,,,Unclassified,,Low,Insufficient information (evidence: 'Ma Folkes Company'),,,FALSE,1,MA FOLKESMECH_GP,MA FOLKES,Ma Folkes Company,MECH_GP,2011-04-01 00:00:00
MS Mcclellan and,MS MCCLELLAN AND,Unknown / Needs Review,,,Unclassified,,Low,Insufficient information (evidence: 'Ms  Mcclellan & Co'),,,FALSE,1,TN991403SERV_GP,TN991403,Ms  Mcclellan & Co,SERV_GP,2021-06-07 00:00:00
MT and L,MT AND L,Unknown / Needs Review,,,Unclassified,,Low,Insufficient information (evidence: 'Mt&L'),,,FALSE,1,NV00157SERV_GP,NV00157,Mt&L,SERV_GP,2022-11-01 00:00:00
Madison Farm,MADISON FARM,Unknown / Needs Review,,,Unclassified,,Low,Insufficient information (evidence: 'The Madison Farm'),,,FALSE,1,NV15031SERV_GP,NV15031,The Madison Farm,SERV_GP,2023-01-27 00:00:00
Madisonchampaign Educational Service Center,MADISONCHAMPAIGN EDUCATIONAL SERVICE CENTER,Unknown / Needs Review,,,Unclassified,,Low,Insufficient information (evidence: 'Madison/Champaign Educational Service Center'),,,FALSE,1,DY991074SERV_GP,DY991074,Madison/Champaign Educational Service Center,SERV_GP,2025-11-10 00:00:00
Mantis Innovation,MANTIS INNOVATION,Unknown / Needs Review,,,Unclassified,,Low,Insufficient information (evidence: 'Mantis Innovation'),,,FALSE,1,CN992305SERV_GP,CN992305,Mantis Innovation,SERV_GP,2025-07-01 00:00:00
Marksbury Farm,MARKSBURY FARM,Unknown / Needs Review,,,Unclassified,,Low,Insufficient information (evidence: 'Marksbury Farm'),,,FALSE,1,LX990410SERV_GP,LX990410,Marksbury Farm,SERV_GP,2022-08-02 00:00:00
Marshall Recreation Center,MARSHALL RECREATION CENTER,Unknown / Needs Review,,,Unclassified,,Low,Insufficient information (evidence: 'Marshall Recreation Center'),,,FALSE,1,WV990224SERV_GP,WV990224,Marshall Recreation Center,SERV_GP,2025-12-04 00:00:00
Martin Brower,MARTIN BROWER,Unknown / Needs Review,,,Unclassified,,Low,Insufficient information (evidence: 'The Martin Brower Company Llc'),,,FALSE,1,NV15026SERV_GP,NV15026,The Martin Brower Company Llc,SERV_GP,2024-12-01 00:00:00
Mass Marketing,MASS MARKETING,Unknown / Needs Review,,,Unclassified,,Low,Insufficient information (evidence: 'Mass Marketing Inc.'),,,FALSE,1,CN890003SERV_GP,CN890003,Mass Marketing Inc.,SERV_GP,2024-12-13 00:00:00
Massey Services,MASSEY SERVICES,Unknown / Needs Review,,,Unclassified,,Low,Insufficient information (evidence: 'Massey Services Inc'),,,FALSE,1,TN992108SERV_GP,TN992108,Massey Services Inc,SERV_GP,2024-01-08 00:00:00
Masters Pharmaceuticals,MASTERS PHARMACEUTICALS,Unknown / Needs Review,,,Unclassified,,Low,Insufficient information (evidence: 'Masters Pharmaceuticals'),,,FALSE,1,MASTERS PHARMMECH_GP,MASTERS PHARM,Masters Pharmaceuticals,MECH_GP,2018-09-01 00:00:00
Mastronardi Berea,MASTRONARDI BEREA,Unknown / Needs Review,,,Unclassified,,Low,Insufficient information (evidence: 'Mastronardi Berea Llc'),,,FALSE,1,LX990507SERV_GP,LX990507,Mastronardi Berea Llc,SERV_GP,2025-12-17 00:00:00
Matrix Technologies,MATRIX TECHNOLOGIES,Unknown / Needs Review,,,Unclassified,,Low,Insufficient information (evidence: 'Matrix Technologies'),,,FALSE,1,LV990441SERV_GP,LV990441,Matrix Technologies,SERV_GP,2025-02-01 00:00:00
Max Technical Training,MAX TECHNICAL TRAINING,Unknown / Needs Review,,,Unclassified,,Low,Insufficient information (evidence: 'Max Technical Training'),,,FALSE,1,CN991814SERV_GP,CN991814,Max Technical Training,SERV_GP,2023-10-20 00:00:00
Mayerson the,MAYERSON THE,Unknown / Needs Review,,,Unclassified,,Low,"Insufficient information (evidence: 'Mayerson Company, The')",,,FALSE,1,MAYERSONMECH_GP,MAYERSON,"Mayerson Company, The",MECH_GP,2007-12-01 00:00:00
Mbm Refrigeration,MBM REFRIGERATION,Unknown / Needs Review,,,Unclassified,,Low,Insufficient information (evidence: 'Mbm Refrigeration'),,,FALSE,1,LX200421SERV_GP,LX200421,Mbm Refrigeration,SERV_GP,2026-01-01 00:00:00
Mch,MCH,Unknown / Needs Review,,,Unclassified,,Low,Insufficient information (evidence: 'Mch Corporation'),,,FALSE,1,TN991457SERV_GP,TN991457,Mch Corporation,SERV_GP,2025-09-30 00:00:00
Mcquay International,MCQUAY INTERNATIONAL,Unknown / Needs Review,,,Unclassified,,Low,Insufficient information (evidence: 'Mcquay International'),,,FALSE,1,MCQUAY INTMECH_GP,MCQUAY INT,Mcquay International,MECH_GP,2009-11-01 00:00:00
Meco,MECO,Commercial Services,Services/manufacturing (unclear),,AI Analyst Research,Queued,Low,Queued for AI analyst research,,,FALSE,1,TN991908SERV_GP,TN991908,Meco Corporation,SERV_GP,2025-12-17 00:00:00
Megacity of Cincinnati,MEGACITY OF CINCINNATI,Commercial Services,Ambiguous,,AI Analyst Research,Queued,Low,Queued for AI analyst research,,,FALSE,1,DY991005SERV_GP,DY991005,Megacity Of Cincinnati Llc,SERV_GP,2020-10-19 00:00:00
Mellow River Dba HH2HOME,MELLOW RIVER DBA HH2HOME,Unknown / Needs Review,,,Unclassified,,Low,Insufficient information (evidence: 'Mellow River Inc Dba Hh2Home'),,,FALSE,1,LV990327SERV_GP,LV990327,Mellow River Inc Dba Hh2Home,SERV_GP,2025-04-01 00:00:00
Metzcor,METZCOR,Commercial Services,Ambiguous,,AI Analyst Research,Queued,Low,Queued for AI analyst research,,,FALSE,1,CN992227SERV_GP,CN992227,Metzcor,SERV_GP,2025-10-01 00:00:00
Midpark Knoxville,MIDPARK KNOXVILLE,Commercial Services,Business entity (unclear),,AI Analyst Research,Queued,Low,Queued for AI analyst research,,,FALSE,1,TN992171SERV_GP,TN992171,"Midpark Knoxville, Llc",SERV_GP,2023-12-20 00:00:00
Midwest Sea Salt,MIDWEST SEA SALT,Commercial Services,Food/wholesale (unclear),,AI Analyst Research,Queued,Low,Queued for AI analyst research,,,FALSE,1,CN992270SERV_GP,CN992270,The Midwest Sea Salt Company,SERV_GP,2025-04-01 00:00:00
Millan Enterprises,MILLAN ENTERPRISES,Commercial Services,Ambiguous,,AI Analyst Research,Queued,Low,Queued for AI analyst research,,,FALSE,1,TN992100SERV_GP,TN992100,Millan Enterprises Llc,SERV_GP,2022-06-17 00:00:00
Millat Industries,MILLAT INDUSTRIES,Manufacturing,Manufacturing (unclear),,AI Analyst Research,Queued,Low,Queued for AI analyst research,,,FALSE,1,DY991163SERV_GP,DY991163,Millat Industries,SERV_GP,2025-07-10 00:00:00
Ml Barnard,ML BARNARD,Unknown / Needs Review,,,Unclassified,,Low,Insufficient information (evidence: 'Ml Barnard Inc.'),,,FALSE,1,ML BARNARDMECH_GP,ML BARNARD,Ml Barnard Inc.,MECH_GP,2020-11-01 00:00:00
Momentum,MOMENTUM,Commercial Services,Ambiguous,,AI Analyst Research,Queued,Low,Queued for AI analyst research,,,FALSE,1,TN992231SERV_GP,TN992231,Momentum Inc,SERV_GP,2026-01-01 00:00:00
Monaire,MONAIRE,Commercial Services,HVAC services (unclear),,AI Analyst Research,Queued,Low,Queued for AI analyst research,,,FALSE,1,LV990521SERV_GP,LV990521,Monaire Inc,SERV_GP,2025-02-28 00:00:00
Mount Vernon Developmental Center,MOUNT VERNON DEVELOPMENTAL CENTER,Commercial Real Estate,Govt/health (ambiguous),,AI Analyst Research,Queued,Low,Queued for AI analyst research,,,FALSE,1,MT VERNONMECH_GP,MT VERNON,Mount Vernon Developmental Center,MECH_GP,2006-01-01 00:00:00
Msi Express,MSI EXPRESS,Unknown / Needs Review,,,Unclassified,,Low,"Insufficient information (evidence: 'Msi Express, Inc.')",,,FALSE,1,DY991093SERV_GP,DY991093,"Msi Express, Inc.",SERV_GP,2025-11-14 00:00:00
Msp Wellness Billing,MSP WELLNESS BILLING,Unknown / Needs Review,,,Unclassified,,Low,Insufficient information (evidence: 'Msp Wellness Llc - Billing'),,,FALSE,1,TN991999SERV_GP,TN991999,Msp Wellness Llc - Billing,SERV_GP,2022-06-20 00:00:00
Mueller,MUELLER,Commercial Services,Manufacturing/distribution (too broad),,AI Analyst Research,Queued,Low,Queued for AI analyst research,,,FALSE,1,TN991394SERV_GP,TN991394,Mueller Company,SERV_GP,2026-01-01 00:00:00
Murphy,MURPHY,Unknown / Needs Review,,,Unclassified,,Low,Insufficient information (evidence: 'Murphy Company'),,,FALSE,1,DY991166SERV_GP,DY991166,Murphy Company,SERV_GP,2026-01-01 00:00:00
Nasco,NASCO,Commercial Services,Distribution/education supplies (unclear),,AI Analyst Research,Queued,Low,Queued for AI analyst research,,,FALSE,1,NV00172SERV_GP,NV00172,Nasco,SERV_GP,2023-01-01 00:00:00
Nashville Opera Association,NASHVILLE OPERA ASSOCIATION,Unknown / Needs Review,,,Unclassified,,Low,Insufficient information (evidence: 'Nashville Opera Association'),,,FALSE,1,NV15100SERV_GP,NV15100,Nashville Opera Association,SERV_GP,2025-11-01 00:00:00
National Bedding,NATIONAL BEDDING,Unknown / Needs Review,,,Unclassified,,Low,"Insufficient information (evidence: 'National Bedding, Llc.')",,,FALSE,1,NATIONAL BEDDINMECH_GP,NATIONAL BEDDIN,"National Bedding, Llc.",MECH_GP,2015-11-01 00:00:00
Nehemiah,NEHEMIAH,Commercial Services,Nonprofit/education (unclear),,AI Analyst Research,Queued,Low,Queued for AI analyst research,,,FALSE,1,NEHEMIAHMECH_GP,NEHEMIAH,Nehemiah,MECH_GP,2014-12-01 00:00:00
Netfor,NETFOR,Commercial Services,Staffing/services (unclear),,AI Analyst Research,Queued,Low,Queued for AI analyst research,,,FALSE,1,IN990336SERV_GP,IN990336,Netfor,SERV_GP,2021-09-16 00:00:00
New Riff Distilling,NEW RIFF DISTILLING,Unknown / Needs Review,,,Unclassified,,Low,Insufficient information (evidence: 'New Riff Distilling'),,,TRUE,2,CN991964SERV_GP,CN991964,New Riff Distilling,SERV_GP,2025-12-17 00:00:00
New Riff Distilling,NEW RIFF DISTILLING,Unknown / Needs Review,,,Unclassified,,Low,Insufficient information (evidence: 'New Riff Distilling'),,,TRUE,2,NEW RIFFMECH_GP,NEW RIFF,New Riff Distilling,MECH_GP,2023-06-01 00:00:00
Nickles Bakery,NICKLES BAKERY,Unknown / Needs Review,,,Unclassified,,Low,Insufficient information (evidence: 'Nickles Bakery'),,,FALSE,1,NICKLES BAKERYMECH_GP,NICKLES BAKERY,Nickles Bakery,MECH_GP,2006-01-01 00:00:00
Nlign Analytics Etegent,NLIGN ANALYTICS ETEGENT,Commercial Services,Ambiguous,,AI Analyst Research,Queued,Low,Queued for AI analyst research,,,FALSE,1,CN992283SERV_GP,CN992283,Nlign Analytics Etegent,SERV_GP,2024-04-16 00:00:00
Nnodum Pharmaceuticals,NNODUM PHARMACEUTICALS,Commercial Services,Pharma (unclear),,AI Analyst Research,Queued,Low,Queued for AI analyst research,,,FALSE,1,CN991887SERV_GP,CN991887,Nnodum Pharmaceuticals,SERV_GP,2022-09-15 00:00:00
OMNIA360 Facility Solutions,OMNIA360 FACILITY SOLUTIONS,Commercial Services,Facilities services (unclear),,AI Analyst Research,Queued,Low,Queued for AI analyst research,,,FALSE,1,CN992151SERV_GP,CN992151,Omnia360 Facility Solutions Llc,SERV_GP,2024-04-09 00:00:00
Oak Grove Gaming,OAK GROVE GAMING,Unknown / Needs Review,,,Unclassified,,Low,Insufficient information (evidence: 'Oak Grove Gaming'),,,FALSE,1,NV15039SERV_GP,NV15039,Oak Grove Gaming,SERV_GP,2026-01-01 00:00:00
Ohio Valley Chapter Abc,OHIO VALLEY CHAPTER ABC,Unknown / Needs Review,,,Unclassified,,Low,Insufficient information (evidence: 'Ohio Valley Chapter Abc'),,,TRUE,2,CN991606SERV_GP,CN991606,Ohio Valley Chapter Abc,SERV_GP,2021-09-01 00:00:00
Ohio Valley Chapter Abc,OHIO VALLEY CHAPTER ABC,Unknown / Needs Review,,,Unclassified,,Low,Insufficient information (evidence: 'Ohio Valley Chapter Abc'),,,TRUE,2,OHIO VALLEY ABCMECH_GP,OHIO VALLEY ABC,Ohio Valley Chapter Abc,MECH_GP,2016-01-01 00:00:00
On Display,ON DISPLAY,Commercial Services,Ambiguous,,AI Analyst Research,Queued,Low,Queued for AI analyst research,,,TRUE,2,CN991937SERV_GP,CN991937,On Display Ltd,SERV_GP,2025-10-01 00:00:00
On Display,ON DISPLAY,Commercial Services,Ambiguous,,AI Analyst Research,Queued,Low,Queued for AI analyst research,,,TRUE,2,ON DISPLAYMECH_GP,ON DISPLAY,On Display Ltd,MECH_GP,2020-02-01 00:00:00
Optimira Energy,OPTIMIRA ENERGY,Commercial Services,Energy services (unclear),,AI Analyst Research,Queued,Low,Queued for AI analyst research,,,FALSE,1,OPTIMIRA ENERGYMECH_GP,OPTIMIRA ENERGY,"Optimira Energy, Inc.",MECH_GP,2007-04-01 00:00:00
Osborn Enterprises,OSBORN ENTERPRISES,Unknown / Needs Review,,,Unclassified,,Low,Insufficient information (evidence: 'Osborn Enterprises'),,,FALSE,1,LV990372SERV_GP,LV990372,Osborn Enterprises,SERV_GP,2023-12-21 00:00:00
Otics USA,OTICS USA,Manufacturing,Manufacturing (unclear),,AI Analyst Research,Queued,Low,Queued for AI analyst research,,,FALSE,1,TN991799SERV_GP,TN991799,Otics Usa,SERV_GP,2025-12-08 00:00:00
Pam Spraguedave Collins,PAM SPRAGUEDAVE COLLINS,Commercial Services,Person/entity ambiguous,,AI Analyst Research,Queued,Low,Queued for AI analyst research,,,FALSE,1,LX990391SERV_GP,LX990391,Pam Sprague/Dave Collins,SERV_GP,2025-08-08 00:00:00
Panorama,PANORAMA,Commercial Services,Ambiguous,,AI Analyst Research,Queued,Low,Queued for AI analyst research,,,FALSE,1,PANORAMAMECH_GP,PANORAMA,Panorama,MECH_GP,2011-12-01 00:00:00
Passageways Dba Onboard,PASSAGEWAYS DBA ONBOARD,Commercial Services,Services (unclear),,AI Analyst Research,Queued,Low,Queued for AI analyst research,,,FALSE,1,IN990404SERV_GP,IN990404,Passageways Inc Dba Onboard,SERV_GP,2025-08-01 00:00:00
Patriot Armor,PATRIOT ARMOR,Unknown / Needs Review,,,Unclassified,,Low,Insufficient information (evidence: 'Patriot Armor'),,,FALSE,1,CN992160SERV_GP,CN992160,Patriot Armor,SERV_GP,2025-12-23 00:00:00
Paw Pet Adventures Worldwide,PAW PET ADVENTURES WORLDWIDE,Commercial Services,Pet services (unclear),,AI Analyst Research,Queued,Low,Queued for AI analyst research,Hospitality,,FALSE,1,CN991389SERV_GP,CN991389,"Paw Pet Adventures Worldwide, Inc.",SERV_GP,2022-07-07 00:00:00
Peace Communications,PEACE COMMUNICATIONS,Commercial Services,Telecom/IT (unclear),,AI Analyst Research,Queued,Low,Queued for AI analyst research,,,FALSE,1,NV00048SERV_GP,NV00048,Peace Communications Llc,SERV_GP,2025-03-01 00:00:00
Pentagon Group,PENTAGON GROUP,Commercial Services,Ambiguous,,AI Analyst Research,Queued,Low,Queued for AI analyst research,,,FALSE,1,LV990356SERV_GP,LV990356,"Pentagon Group, Llc",SERV_GP,2023-08-01 00:00:00
Perfection Group,PERFECTION GROUP,Unknown / Needs Review,Your organization (internal),2382,Manual Override,Final,High,Analyst-approved override (method: Manual Override),,,TRUE,2,PERFMECH_GP,PERF,Perfection Group,MECH_GP,2022-01-01 00:00:00
Perfection Group,PERFECTION GROUP,Unknown / Needs Review,Your organization (internal),2382,Manual Override,Final,High,Analyst-approved override (method: Manual Override),,,TRUE,2,PG1000SERV_GP,PG1000,Perfection Group,SERV_GP,2025-05-23 00:00:00
Perfection Mechanical,PERFECTION MECHANICAL,Unknown / Needs Review,Mechanical contractor (internal brand),2382,Manual Override,Final,High,Analyst-approved override (method: Manual Override),,,FALSE,1,PM1000SERV_GP,PM1000,Perfection Mechanical,SERV_GP,2025-12-10 00:00:00
Perfection Services,PERFECTION SERVICES,Unknown / Needs Review,Services (internal brand),2382,Manual Override,Final,High,Analyst-approved override (method: Manual Override),,,TRUE,8,PERFSMECH_GP,PERFS,"Perfection Service, Cincinnati",MECH_GP,2021-08-01 00:00:00
Perfection Services,PERFECTION SERVICES,Unknown / Needs Review,Services (internal brand),2382,Manual Override,Final,High,Analyst-approved override (method: Manual Override),,,TRUE,8,PERFLMECH_GP,PERFL,"Perfection Service, Louisville",MECH_GP,2009-03-01 00:00:00
Perfection Services,PERFECTION SERVICES,Unknown / Needs Review,Services (internal brand),2382,Manual Override,Final,High,Analyst-approved override (method: Manual Override),,,TRUE,8,PERFECTION COLMECH_GP,PERFECTION COL,Perfection Services Columbus,MECH_GP,2009-05-01 00:00:00
Perfection Services,PERFECTION SERVICES,Unknown / Needs Review,Services (internal brand),2382,Manual Override,Final,High,Analyst-approved override (method: Manual Override),,,TRUE,8,PERFIMECH_GP,PERFI,Perfection Services Indiana,MECH_GP,2022-03-01 00:00:00
Perfection Services,PERFECTION SERVICES,Unknown / Needs Review,Services (internal brand),2382,Manual Override,Final,High,Analyst-approved override (method: Manual Override),,,TRUE,8,PERFDMECH_GP,PERFD,Perfection Services Of Dayton,MECH_GP,2006-09-01 00:00:00
Perfection Services,PERFECTION SERVICES,Unknown / Needs Review,Services (internal brand),2382,Manual Override,Final,High,Analyst-approved override (method: Manual Override),,,TRUE,8,PERFTMECH_GP,PERFT,"Perfection Services, Tennessee",MECH_GP,2023-11-01 00:00:00
Perfection Services,PERFECTION SERVICES,Unknown / Needs Review,Services (internal brand),2382,Manual Override,Final,High,Analyst-approved override (method: Manual Override),,,TRUE,8,PERFWMECH_GP,PERFW,"Perfection Services, Wv",MECH_GP,2022-08-01 00:00:00
Perfection Services,PERFECTION SERVICES,Unknown / Needs Review,Services (internal brand),2382,Manual Override,Final,High,Analyst-approved override (method: Manual Override),,,TRUE,8,PERFCMECH_GP,PERFC,"Perfection Services,Central Ky",MECH_GP,2019-06-01 00:00:00
Peterson,PETERSON,Unknown / Needs Review,,,Unclassified,,Low,"Insufficient information (evidence: 'The Peterson Company, Llc')",,,FALSE,1,THEPETERSONCOMECH_GP,THEPETERSONCO,"The Peterson Company, Llc",MECH_GP,2026-01-01 00:00:00
Petria Lowenstine,PETRIA LOWENSTINE,Commercial Services,Professional services (unclear),,AI Analyst Research,Queued,Low,Queued for AI analyst research,,,FALSE,1,CN992184SERV_GP,CN992184,Petria Lowenstine,SERV_GP,2024-06-20 00:00:00
Phillips Edison and,PHILLIPS EDISON AND,Unknown / Needs Review,,,Unclassified,,Low,Insufficient information (evidence: 'Phillips Edison & Company'),,,FALSE,1,CN991002SERV_GP,CN991002,Phillips Edison & Company,SERV_GP,2026-01-01 00:00:00
Pioneer Vocational Industrial Services,PIONEER VOCATIONAL INDUSTRIAL SERVICES,Unknown / Needs Review,,,Unclassified,,Low,Insufficient information (evidence: 'Pioneer Vocational Industrial Services Inc'),,,FALSE,1,LX990485SERV_GP,LX990485,Pioneer Vocational Industrial Services Inc,SERV_GP,2025-01-17 00:00:00
Pitt and Frank,PITT AND FRANK,Commercial Services,Professional services (unclear),,AI Analyst Research,Queued,Low,Queued for AI analyst research,,,FALSE,1,LV990148SERV_GP,LV990148,Pitt & Frank,SERV_GP,2023-02-01 00:00:00
Planet Xchange,PLANET XCHANGE,Commercial Services,Recycling/IT? (unclear),,AI Analyst Research,Queued,Low,Queued for AI analyst research,,,FALSE,1,TN992177SERV_GP,TN992177,Planet Xchange Inc,SERV_GP,2024-07-10 00:00:00
Pointe at Lifespring,POINTE AT LIFESPRING,Unknown / Needs Review,,,Unclassified,,Low,Insufficient information (evidence: 'The Pointe At Lifespring'),,,FALSE,1,TN992063SERV_GP,TN992063,The Pointe At Lifespring,SERV_GP,2025-11-13 00:00:00
Powerhouse Now Central Region,POWERHOUSE NOW CENTRAL REGION,Unknown / Needs Review,,,Unclassified,,Low,Insufficient information (evidence: 'Powerhouse Now - Central Region'),,,FALSE,1,LV990517SERV_GP,LV990517,Powerhouse Now - Central Region,SERV_GP,2025-12-01 00:00:00
Pro Oncall Technologies,PRO ONCALL TECHNOLOGIES,Commercial Services,IT/services (unclear),,AI Analyst Research,Queued,Low,Queued for AI analyst research,,,FALSE,1,CN950244SERV_GP,CN950244,Pro Oncall Technologies,SERV_GP,2025-11-01 00:00:00
Profile By Sanford,PROFILE BY SANFORD,Unknown / Needs Review,,,Unclassified,,Low,Insufficient information (evidence: 'Profile By Sanford'),,,FALSE,1,TN991743SERV_GP,TN991743,Profile By Sanford,SERV_GP,2022-03-04 00:00:00
Promotion,PROMOTION,Commercial Services,Ambiguous,,AI Analyst Research,Queued,Low,Queued for AI analyst research,,,FALSE,1,TN992038SERV_GP,TN992038,Promotion Llc,SERV_GP,2021-04-05 00:00:00
Prospiant,PROSPIANT,Unknown / Needs Review,,,Unclassified,,Low,Insufficient information (evidence: 'Prospiant'),,,FALSE,1,CN992377SERV_GP,CN992377,Prospiant,SERV_GP,2025-11-19 00:00:00
Prudent Growth Operation,PRUDENT GROWTH OPERATION,Commercial Real Estate,Investment/property (unclear),,AI Analyst Research,Queued,Low,Queued for AI analyst research,,,FALSE,1,DY991130SERV_GP,DY991130,Prudent Growth Operation,SERV_GP,2025-10-23 00:00:00
Quality Controls,QUALITY CONTROLS,Commercial Services,QA/testing services (unclear),,AI Analyst Research,Queued,Low,Queued for AI analyst research,,,FALSE,1,CN990013SERV_GP,CN990013,Quality Controls Inc,SERV_GP,2024-05-21 00:00:00
Quality Industries Dba Anchor Fabrication TN,QUALITY INDUSTRIES DBA ANCHOR FABRICATION TN,Unknown / Needs Review,,,Unclassified,,Low,Insufficient information (evidence: 'Quality Industries Dba Anchor Fabrication Tn'),,,FALSE,1,NV15012SERV_GP,NV15012,Quality Industries Dba Anchor Fabrication Tn,SERV_GP,2023-12-08 00:00:00
Quandell Group,QUANDELL GROUP,Commercial Services,Construction services/engineering (unclear),,AI Analyst Research,Queued,Low,Queued for AI analyst research,,,FALSE,1,QUANDELL GROUPMECH_GP,QUANDELL GROUP,"Quandell Group, Inc.",MECH_GP,2006-12-01 00:00:00
Questar,QUESTAR,Commercial Services,Ambiguous (utilities/telecom?),,AI Analyst Research,Queued,Low,Queued for AI analyst research,,,FALSE,1,CN992067SERV_GP,CN992067,Questar,SERV_GP,2025-09-26 00:00:00
Ra Phillips Industries,RA PHILLIPS INDUSTRIES,Unknown / Needs Review,,,Unclassified,,Low,Insufficient information (evidence: 'Ra Phillips Industries Inc'),,,FALSE,1,CN992345SERV_GP,CN992345,Ra Phillips Industries Inc,SERV_GP,2025-07-01 00:00:00
Ramsey Pike,RAMSEY PIKE,Unknown / Needs Review,,,Unclassified,,Low,Insufficient information (evidence: 'Ramsey Pike Llc'),,,FALSE,1,WV990309SERV_GP,WV990309,Ramsey Pike Llc,SERV_GP,2025-10-14 00:00:00
Ramseys,RAMSEYS,Unknown / Needs Review,,,Unclassified,,Low,Insufficient information (evidence: 'Ramsey'S'),,,FALSE,1,LX990430SERV_GP,LX990430,Ramsey'S,SERV_GP,2023-08-08 00:00:00
Reececampbell,REECECAMPBELL,Commercial Services,Professional services (unclear),,AI Analyst Research,Queued,Low,Queued for AI analyst research,,,FALSE,1,REECMECH_GP,REEC,"Reece-Campbell, Inc.",MECH_GP,2010-07-01 00:00:00
Reinhart Food Service Johnson City,REINHART FOOD SERVICE JOHNSON CITY,Unknown / Needs Review,,,Unclassified,,Low,Insufficient information (evidence: 'Reinhart Food Service Johnson City'),,,FALSE,1,TN991868SERV_GP,TN991868,Reinhart Food Service Johnson City,SERV_GP,2020-12-01 00:00:00
Reinhart Foodservice,REINHART FOODSERVICE,Unknown / Needs Review,,,Unclassified,,Low,Insufficient information (evidence: 'Reinhart Foodservice Llc'),,,FALSE,1,TN991865SERV_GP,TN991865,Reinhart Foodservice Llc,SERV_GP,2025-11-01 00:00:00
Rejay Group,REJAY GROUP,Unknown / Needs Review,,,Unclassified,,Low,Insufficient information (evidence: 'Rejay Group Llc'),,,FALSE,1,TN992107SERV_GP,TN992107,Rejay Group Llc,SERV_GP,2022-09-28 00:00:00
Resistatemps,RESISTATEMPS,Commercial Services,Products/services (unclear),,AI Analyst Research,Queued,Low,Queued for AI analyst research,,,FALSE,1,IN990138SERV_GP,IN990138,Resista-Temps,SERV_GP,2023-04-01 00:00:00
Rgbs Enterprises,RGBS ENTERPRISES,Commercial Services,Ambiguous,,AI Analyst Research,Queued,Low,Queued for AI analyst research,,,FALSE,1,RGBSMECH_GP,RGBS,"Rgbs Enterprises, Inc.",MECH_GP,2017-03-01 00:00:00
Rich Products Gallatin,RICH PRODUCTS GALLATIN,Unknown / Needs Review,,,Unclassified,,Low,Insufficient information (evidence: 'Rich Products Gallatin'),,,FALSE,1,NV15084SERV_GP,NV15084,Rich Products Gallatin,SERV_GP,2026-01-01 00:00:00
Richmond Auto Parts Technology,RICHMOND AUTO PARTS TECHNOLOGY,Unknown / Needs Review,,,Unclassified,,Low,Insufficient information (evidence: 'Richmond Auto Parts Technology Inc'),,,FALSE,1,LX990367SERV_GP,LX990367,Richmond Auto Parts Technology Inc,SERV_GP,2025-10-09 00:00:00
Ridge K,RIDGE K,Unknown / Needs Review,,,Unclassified,,Low,"Insufficient information (evidence: 'Ridge K, Llc')",,,FALSE,1,RIDGE K LLCMECH_GP,RIDGE K LLC,"Ridge K, Llc",MECH_GP,2011-03-01 00:00:00
Riverside Industrial,RIVERSIDE INDUSTRIAL,Unknown / Needs Review,,,Unclassified,,Low,Insufficient information (evidence: 'Riverside Industrial Inc'),,,FALSE,1,CN990949SERV_GP,CN990949,Riverside Industrial Inc,SERV_GP,2022-11-15 00:00:00
Rivian,RIVIAN,Unknown / Needs Review,,,Unclassified,,Low,Insufficient information (evidence: 'Rivian'),,,FALSE,1,LV990437SERV_GP,LV990437,Rivian,SERV_GP,2024-12-06 00:00:00
Robert W Baird and,ROBERT W BAIRD AND,Unknown / Needs Review,,,Unclassified,,Low,"Insufficient information (evidence: 'Robert W. Baird & Co., Inc')",,,FALSE,1,DY991060SERV_GP,DY991060,"Robert W. Baird & Co., Inc",SERV_GP,2025-09-01 00:00:00
Rockquest,ROCKQUEST,Unknown / Needs Review,,,Unclassified,,Low,Insufficient information (evidence: 'Rockquest'),,,FALSE,1,CN992098SERV_GP,CN992098,Rockquest,SERV_GP,2020-12-06 00:00:00
Rocktenn,ROCKTENN,Unknown / Needs Review,,,Unclassified,,Low,Insufficient information (evidence: 'Rock-Tenn Company'),,,FALSE,1,LX980046SERV_GP,LX980046,Rock-Tenn Company,SERV_GP,2024-12-01 00:00:00
Rocky Top Nutrition Billing,ROCKY TOP NUTRITION BILLING,Commercial Services,Retail/health services (unclear),,AI Analyst Research,Queued,Low,Queued for AI analyst research,,,FALSE,1,TN992009SERV_GP,TN992009,Rocky Top Nutrition - Billing,SERV_GP,2021-06-16 00:00:00
Royal Services,ROYAL SERVICES,Commercial Services,Services (unclear),,AI Analyst Research,Queued,Low,Queued for AI analyst research,,,FALSE,1,LX990371SERV_GP,LX990371,Royal Services,SERV_GP,2025-10-01 00:00:00
Sakscom,SAKSCOM,Commercial Services,E-commerce/retail ops (unclear),,AI Analyst Research,Queued,Low,Queued for AI analyst research,,,FALSE,1,NV00147SERV_GP,NV00147,Saks.Com,SERV_GP,2023-04-01 00:00:00
Sams Club FC9475,SAMS CLUB FC9475,Unknown / Needs Review,,,Unclassified,,Low,Insufficient information (evidence: 'Sam'S Club Fc9475'),,,FALSE,1,DY990980SERV_GP,DY990980,Sam'S Club Fc9475,SERV_GP,2023-03-31 00:00:00
Sandpiper Data Systems,SANDPIPER DATA SYSTEMS,Commercial Services,IT/services (unclear),,AI Analyst Research,Queued,Low,Queued for AI analyst research,,,FALSE,1,SANDPIPERMECH_GP,SANDPIPER,Sandpiper Data Systems,MECH_GP,2013-12-01 00:00:00
Satco,SATCO,Manufacturing,Lighting products (ambiguous entity),,AI Analyst Research,Queued,Low,Queued for AI analyst research,,,TRUE,2,CN992040SERV_GP,CN992040,Satco,SERV_GP,2026-01-01 00:00:00
Satco,SATCO,Manufacturing,Lighting products (ambiguous entity),,AI Analyst Research,Queued,Low,Queued for AI analyst research,,,TRUE,2,LV990411SERV_GP,LV990411,Satco,SERV_GP,2022-01-31 00:00:00
Savor Seasonings,SAVOR SEASONINGS,Unknown / Needs Review,,,Unclassified,,Low,Insufficient information (evidence: 'Savor Seasonings'),,,FALSE,1,CN991811SERV_GP,CN991811,Savor Seasonings,SERV_GP,2022-07-02 00:00:00
Scenic Industries,SCENIC INDUSTRIES,Manufacturing,Manufacturing (unclear),,AI Analyst Research,Queued,Low,Queued for AI analyst research,,,FALSE,1,TN992227SERV_GP,TN992227,"Scenic Industries, Llc",SERV_GP,2025-08-11 00:00:00
Schaad Companies,SCHAAD COMPANIES,Unknown / Needs Review,,,Unclassified,,Low,Insufficient information (evidence: 'Schaad Companies'),,,TRUE,2,TN992209SERV_GP,TN992209,"Schaad Commercial Investments, Sci",SERV_GP,2025-04-30 00:00:00
Schaad Companies,SCHAAD COMPANIES,Unknown / Needs Review,,,Unclassified,,Low,Insufficient information (evidence: 'Schaad Companies'),,,TRUE,2,TN992056SERV_GP,TN992056,Schaad Companies,SERV_GP,2025-12-15 00:00:00
Schumacher Dugan,SCHUMACHER DUGAN,Commercial Services,Professional services (unclear),,AI Analyst Research,Queued,Low,Queued for AI analyst research,,,FALSE,1,CN930068SERV_GP,CN930068,Schumacher Dugan,SERV_GP,2025-09-01 00:00:00
Sci,SCI,Commercial Services,Ambiguous acronym,,AI Analyst Research,Queued,Low,Queued for AI analyst research,,,FALSE,1,TN992216SERV_GP,TN992216,Sci C/O Nai Koella Rm Moore,SERV_GP,2026-01-01 00:00:00
Scos,SCOS,Commercial Services,Ambiguous,,AI Analyst Research,Queued,Low,Queued for AI analyst research,,,FALSE,1,TN992202SERV_GP,TN992202,Scos C/O Nai,SERV_GP,2025-12-09 00:00:00
Serta Simmons Bedding,SERTA SIMMONS BEDDING,Unknown / Needs Review,,,Unclassified,,Low,Insufficient information (evidence: 'Serta Simmons Bedding'),,,FALSE,1,CN991820SERV_GP,CN991820,Serta Simmons Bedding,SERV_GP,2025-07-01 00:00:00
Sew Eurodrive,SEW EURODRIVE,Unknown / Needs Review,,,Unclassified,,Low,Insufficient information (evidence: 'Sew Eurodrive'),,,FALSE,1,DY991134SERV_GP,DY991134,Sew Eurodrive,SERV_GP,2024-12-05 00:00:00
Shares,SHARES,Commercial Services,Ambiguous,,AI Analyst Research,Queued,Low,Queued for AI analyst research,,,FALSE,1,IN990510SERV_GP,IN990510,Shares Inc,SERV_GP,2025-08-26 00:00:00
Sherwood Midwest,SHERWOOD MIDWEST,Unknown / Needs Review,,,Unclassified,,Low,"Insufficient information (evidence: 'Sherwood Midwest, Llc')",,,FALSE,1,CN991901SERV_GP,CN991901,"Sherwood Midwest, Llc",SERV_GP,2025-09-01 00:00:00
Shook,SHOOK,Unknown / Needs Review,,,Unclassified,,Low,"Insufficient information (evidence: 'Shook, Inc.')",,,FALSE,1,"SHOOK, INC.MECH_GP","SHOOK, INC.","Shook, Inc.",MECH_GP,2007-01-01 00:00:00
Shoot Point Blank,SHOOT POINT BLANK,Unknown / Needs Review,,,Unclassified,,Low,Insufficient information (evidence: 'Shoot Point Blank'),,,TRUE,2,CN991481SERV_GP,CN991481,Shoot Point Blank,SERV_GP,2021-04-06 00:00:00
Shoot Point Blank,SHOOT POINT BLANK,Unknown / Needs Review,,,Unclassified,,Low,Insufficient information (evidence: 'Shoot Point Blank'),,,TRUE,2,DY990934SERV_GP,DY990934,Shoot Point Blank,SERV_GP,2021-03-01 00:00:00
Singleton Companies,SINGLETON COMPANIES,Commercial Services,Ambiguous,,AI Analyst Research,Queued,Low,Queued for AI analyst research,,,FALSE,1,IN990419SERV_GP,IN990419,Singleton Companies,SERV_GP,2025-10-17 00:00:00
Skico,SKICO,Commercial Services,Ambiguous,,AI Analyst Research,Queued,Low,Queued for AI analyst research,,,FALSE,1,LX990444SERV_GP,LX990444,Skico Llc,SERV_GP,2023-05-03 00:00:00
Sl Tennessee,SL TENNESSEE,Commercial Services,Ambiguous,,AI Analyst Research,Queued,Low,Queued for AI analyst research,,,FALSE,1,TN991231SERV_GP,TN991231,Sl Tennessee Llc,SERV_GP,2025-01-14 00:00:00
Smobee,SMOBEE,Commercial Services,Ambiguous,,AI Analyst Research,Queued,Low,Queued for AI analyst research,,,FALSE,1,LX990434SERV_GP,LX990434,Smobee,SERV_GP,2023-05-16 00:00:00
Solid Blend Technologies,SOLID BLEND TECHNOLOGIES,Commercial Services,Industrial services (unclear),,AI Analyst Research,Queued,Low,Queued for AI analyst research,,,FALSE,1,DY991026SERV_GP,DY991026,Solid Blend Technologies,SERV_GP,2021-09-29 00:00:00
Soltech,SOLTECH,Commercial Services,Technology/services (unclear),,AI Analyst Research,Queued,Low,Queued for AI analyst research,,,FALSE,1,SOL-TECHMECH_GP,SOL-TECH,Sol-Tech,MECH_GP,2013-02-01 00:00:00
South Western Communications,SOUTH WESTERN COMMUNICATIONS,Commercial Services,Telecom/services (unclear),,AI Analyst Research,Queued,Low,Queued for AI analyst research,,,FALSE,1,SOU001SERV_GP,SOU001,South Western Communications,SERV_GP,2025-11-01 00:00:00
Southern Tennesee Regional,SOUTHERN TENNESEE REGIONAL,Commercial Services,Healthcare or government (unclear),,AI Analyst Research,Queued,Low,Queued for AI analyst research,,,TRUE,4,NV15111SERV_GP,NV15111,South Tn Regional Pulaski C/O Jones Lang Lasalle Americas Inc,SERV_GP,2025-12-10 00:00:00
Southern Tennesee Regional,SOUTHERN TENNESEE REGIONAL,Commercial Services,Healthcare or government (unclear),,AI Analyst Research,Queued,Low,Queued for AI analyst research,,,TRUE,4,NV15113SERV_GP,NV15113,South Tn Regional Pulaski C/O Jones Lang Lasalle Americas Inc,SERV_GP,2025-12-10 00:00:00
Southern Tennesee Regional,SOUTHERN TENNESEE REGIONAL,Commercial Services,Healthcare or government (unclear),,AI Analyst Research,Queued,Low,Queued for AI analyst research,,,TRUE,4,NV15114SERV_GP,NV15114,South Tn Regional Pulaski C/O Jones Lang Lasalle Americas Inc,SERV_GP,2025-12-10 00:00:00
Southern Tennesee Regional,SOUTHERN TENNESEE REGIONAL,Commercial Services,Healthcare or government (unclear),,AI Analyst Research,Queued,Low,Queued for AI analyst research,,,TRUE,4,NV15110SERV_GP,NV15110,South Tn Regional Sewanee C/O Jones Lang Lasalle Americas Inc,SERV_GP,2025-12-09 00:00:00
Spohn Global Enterprises,SPOHN GLOBAL ENTERPRISES,Commercial Services,Ambiguous,,AI Analyst Research,Queued,Low,Queued for AI analyst research,,,FALSE,1,IN990350SERV_GP,IN990350,Spohn Global Enterprises Llc,SERV_GP,2022-01-14 00:00:00
Sssb,SSSB,Commercial Services,Ambiguous,,AI Analyst Research,Queued,Low,Queued for AI analyst research,,,FALSE,1,NV15088SERV_GP,NV15088,Sssb Llc,SERV_GP,2025-09-01 00:00:00
Step Resources,STEP RESOURCES,Commercial Services,Energy/resources (unclear),,AI Analyst Research,Queued,Low,Queued for AI analyst research,,,FALSE,1,STEPMECH_GP,STEP,Step Resources,MECH_GP,2010-12-01 00:00:00
Stoermeranderson,STOERMERANDERSON,Unknown / Needs Review,,,Unclassified,,Low,"Insufficient information (evidence: 'Stoermer-Anderson, Inc')",,,FALSE,1,STOERMER ANDERSMECH_GP,STOERMER ANDERS,"Stoermer-Anderson, Inc",MECH_GP,2016-03-01 00:00:00
Stratford,STRATFORD,Commercial Services,Ambiguous,,AI Analyst Research,Queued,Low,Queued for AI analyst research,,,FALSE,1,IN990359SERV_GP,IN990359,The Stratford,SERV_GP,2021-02-01 00:00:00
Sumlex Investments,SUMLEX INVESTMENTS,Unknown / Needs Review,,,Unclassified,,Low,Insufficient information (evidence: 'Sumlex Investments Llc'),,,FALSE,1,SUMLEXMECH_GP,SUMLEX,Sumlex Investments Llc,MECH_GP,2007-03-01 00:00:00
Summit Express Powell,SUMMIT EXPRESS POWELL,Commercial Services,Retail/service location (unclear),,AI Analyst Research,Queued,Low,Queued for AI analyst research,,,FALSE,1,TN991964SERV_GP,TN991964,Summit Express - Powell,SERV_GP,2025-12-09 00:00:00
Sunbelt Rentals 1466,SUNBELT RENTALS 1466,Unknown / Needs Review,,,Unclassified,,Low,"Insufficient information (evidence: 'Sunbelt Rentals, Inc #1466')",,,FALSE,1,WV990280SERV_GP,WV990280,"Sunbelt Rentals, Inc #1466",SERV_GP,2025-11-06 00:00:00
Swaggertys Sausage,SWAGGERTYS SAUSAGE,Unknown / Needs Review,,,Unclassified,,Low,Insufficient information (evidence: 'Swaggertys Sausage Co Inc'),,,FALSE,1,TN992234SERV_GP,TN992234,Swaggertys Sausage Co Inc,SERV_GP,2025-11-01 00:00:00
Systecon,SYSTECON,Commercial Services,Consulting/engineering (unclear),,AI Analyst Research,Queued,Low,Queued for AI analyst research,,,FALSE,1,SYSTECONMECH_GP,SYSTECON,Systecon,MECH_GP,2025-08-01 00:00:00
T Rex Arms,T REX ARMS,Commercial Services,Retail (ambiguous),,AI Analyst Research,Queued,Low,Queued for AI analyst research,Hospitality,,FALSE,1,NV00115SERV_GP,NV00115,T Rex Arms,SERV_GP,2021-04-21 00:00:00
Tallulah,TALLULAH,Unknown / Needs Review,,,Unclassified,,Low,Insufficient information (evidence: 'Tallulah Llc'),,,FALSE,1,TN991741SERV_GP,TN991741,Tallulah Llc,SERV_GP,2025-12-01 00:00:00
Tammie Price,TAMMIE PRICE,Unknown / Needs Review,,,Unclassified,,Low,Insufficient information (evidence: 'Tammie Price'),,,FALSE,1,TN992059SERV_GP,TN992059,Tammie Price,SERV_GP,2021-07-20 00:00:00
Tamsah Enterprises,TAMSAH ENTERPRISES,Unknown / Needs Review,,,Unclassified,,Low,Insufficient information (evidence: 'Tamsah Enterprises'),,,FALSE,1,TAMSAHMECH_GP,TAMSAH,Tamsah Enterprises,MECH_GP,2010-11-01 00:00:00
Taylored Fmi,TAYLORED FMI,Unknown / Needs Review,,,Unclassified,,Low,Insufficient information (evidence: 'Taylored Fmi Llc.'),,,FALSE,1,LV990365SERV_GP,LV990365,Taylored Fmi Llc.,SERV_GP,2020-12-01 00:00:00
Techmah Cmf,TECHMAH CMF,Commercial Services,Ambiguous,,AI Analyst Research,Queued,Low,Queued for AI analyst research,,,FALSE,1,TN992150SERV_GP,TN992150,Techmah Cmf Llc,SERV_GP,2025-01-02 00:00:00
Tenbarge,TENBARGE,Commercial Services,Ambiguous,,AI Analyst Research,Queued,Low,Queued for AI analyst research,,,FALSE,1,IN990502SERV_GP,IN990502,Tenbarge,SERV_GP,2025-06-01 00:00:00
Tera Data,TERA DATA,Commercial Services,Technology (unclear entity string),,AI Analyst Research,Queued,Low,Queued for AI analyst research,,,FALSE,1,CN991345SERV_GP,CN991345,Tera Data,SERV_GP,2025-11-04 00:00:00
Teresa Taylor,TERESA TAYLOR,Unknown / Needs Review,,,Unclassified,,Low,Insufficient information (evidence: 'Teresa Taylor'),,,FALSE,1,TN991843SERV_GP,TN991843,Teresa Taylor,SERV_GP,2025-05-21 00:00:00
Thermatronx,THERMATRONX,Manufacturing,Industrial equipment (unclear),,AI Analyst Research,Queued,Low,Queued for AI analyst research,,,FALSE,1,THERMA-TRON-XMECH_GP,THERMA-TRON-X,"Therma-Tron-X, Inc",MECH_GP,2018-11-01 00:00:00
Thoma and Sutton Ofc,THOMA AND SUTTON OFC,Unknown / Needs Review,,,Unclassified,,Low,Insufficient information (evidence: 'Thoma & Sutton Corporation Ofc'),,,FALSE,1,THOMA & SUTTONMECH_GP,THOMA & SUTTON,Thoma & Sutton Corporation Ofc,MECH_GP,2005-11-01 00:00:00
Thomas Clark Solutions,THOMAS CLARK SOLUTIONS,Unknown / Needs Review,,,Unclassified,,Low,Insufficient information (evidence: 'Thomas Clark Solutions Llc'),,,FALSE,1,LX990472SERV_GP,LX990472,Thomas Clark Solutions Llc,SERV_GP,2025-11-01 00:00:00
Thoth,THOTH,Unknown / Needs Review,,,Unclassified,,Low,Insufficient information (evidence: 'Thoth Llc'),,,FALSE,1,TN992225SERV_GP,TN992225,Thoth Llc,SERV_GP,2025-08-08 00:00:00
Three Bond International,THREE BOND INTERNATIONAL,Unknown / Needs Review,,,Unclassified,,Low,Insufficient information (evidence: 'Three Bond International Inc.'),,,FALSE,1,CN991395SERV_GP,CN991395,Three Bond International Inc.,SERV_GP,2026-01-08 00:00:00
Tipton Interest,TIPTON INTEREST,Unknown / Needs Review,,,Unclassified,,Low,Insufficient information (evidence: 'Tipton Interest Inc'),,,TRUE,2,TIPTMECH_GP,TIPT,Tipton Interest Inc,MECH_GP,2025-11-01 00:00:00
Tipton Interest,TIPTON INTEREST,Unknown / Needs Review,,,Unclassified,,Low,Insufficient information (evidence: 'Tipton Interest Inc'),,,TRUE,2,CN990421SERV_GP,CN990421,Tipton Interests,SERV_GP,2025-12-26 00:00:00
Tipton Mills Foods,TIPTON MILLS FOODS,Unknown / Needs Review,,,Unclassified,,Low,Insufficient information (evidence: 'Tipton Mills Foods Llc'),,,FALSE,1,IN990365SERV_GP,IN990365,Tipton Mills Foods Llc,SERV_GP,2022-05-11 00:00:00
Tolsma Legacy Trust,TOLSMA LEGACY TRUST,Unknown / Needs Review,,,Unclassified,,Low,Insufficient information (evidence: 'Tolsma Legacy Trust'),,,FALSE,1,TN992211SERV_GP,TN992211,Tolsma Legacy Trust,SERV_GP,2025-06-30 00:00:00
Tomz,TOMZ,Unknown / Needs Review,,,Unclassified,,Low,Insufficient information (evidence: 'Tomz Corp'),,,FALSE,1,IN990399SERV_GP,IN990399,Tomz Corp,SERV_GP,2024-12-02 00:00:00
Top Seed Tennis Club,TOP SEED TENNIS CLUB,Unknown / Needs Review,,,Unclassified,,Low,Insufficient information (evidence: 'Top Seed Tennis Club'),,,FALSE,1,LX990363SERV_GP,LX990363,Top Seed Tennis Club,SERV_GP,2025-06-04 00:00:00
Topy America,TOPY AMERICA,Unknown / Needs Review,,,Unclassified,,Low,"Insufficient information (evidence: 'Topy America, Inc.')",,,FALSE,1,LX950048SERV_GP,LX950048,"Topy America, Inc.",SERV_GP,2025-12-17 00:00:00
Town and Country Industries,TOWN AND COUNTRY INDUSTRIES,Unknown / Needs Review,,,Unclassified,,Low,Insufficient information (evidence: 'Town & Country Industries'),,,FALSE,1,NV00171SERV_GP,NV00171,Town & Country Industries,SERV_GP,2025-12-09 00:00:00
Toyo Automotive Parts USA,TOYO AUTOMOTIVE PARTS USA,Unknown / Needs Review,,,Unclassified,,Low,Insufficient information (evidence: 'Toyo Automotive Parts Usa Inc'),,,FALSE,1,NV00134SERV_GP,NV00134,Toyo Automotive Parts Usa Inc,SERV_GP,2023-11-14 00:00:00
Toyota Tsusho,TOYOTA TSUSHO,Unknown / Needs Review,,,Unclassified,,Low,Insufficient information (evidence: 'Toyota Tsusho'),,,TRUE,2,TN200302SERV_GP,TN200302,Toyota Tsusho,SERV_GP,2025-12-17 00:00:00
Toyota Tsusho,TOYOTA TSUSHO,Unknown / Needs Review,,,Unclassified,,Low,Insufficient information (evidence: 'Toyota Tsusho'),,,TRUE,2,TN991893SERV_GP,TN991893,"Toyota Tsusho Nexty Electronics America, Inc. (Ttnea)",SERV_GP,2026-01-06 00:00:00
Trade Mark Industrial,TRADE MARK INDUSTRIAL,Unknown / Needs Review,,,Unclassified,,Low,Insufficient information (evidence: 'Trade Mark Industrial Llc'),,,FALSE,1,LX990254SERV_GP,LX990254,Trade Mark Industrial Llc,SERV_GP,2025-10-01 00:00:00
