rule_type,brand,style_name,serial_regex,date_fields,example_serials,decade_ambiguity,guidance_action,guidance_text,evidence_excerpt,source_url,retrieved_on
decode,AAF,Style 1: AUB U 08 05 00386,^[A][U][B][U]\d{9}$,"{""year"": {""positions"": {""start"": 5, ""end"": 6}}, ""week"": {""positions"": {""start"": 7, ""end"": 8}}}","[""AUBU080500386""]","{""is_ambiguous"": true, ""notes"": ""Year not 4 digits""}",,,"Year of manufacture is 5th & 6th characters combined.
Week of manufacture is 7th & 8th characters combined.
This style was first introduced in 1999",https://www.building-center.org/aaf-hvac-age/,2026-01-25T03:33:30Z
decode,AAF,Style 2: 5 5 A 123501,^\d{2}[A]\d{6}$,"{""year"": {""positions"": {""start"": 2, ""end"": 2}}, ""month"": {""positions"": {""start"": 3, ""end"": 3}}}","[""55A123501""]","{""is_ambiguous"": true, ""notes"": ""Year not 4 digits""}",,,"Year of manufacture is 2nd character .
Month of manufacture is 3rd character .
This style was used from 1995 to 1999",https://www.building-center.org/aaf-hvac-age/,2026-01-25T03:33:30Z
decode,AAF,Style 3: 5 P B 1234503,^\d[P][B]\d{7}$,"{""year"": {""positions"": {""start"": 2, ""end"": 2}}, ""month"": {""positions"": {""start"": 3, ""end"": 3}}}","[""5PB1234503""]","{""is_ambiguous"": true, ""notes"": ""Year not 4 digits""}",,,"Year of manufacture is 2nd character .
Month of manufacture is 3rd character .
This style was used from 1971 to 1995",https://www.building-center.org/aaf-hvac-age/,2026-01-25T03:33:30Z
decode,AAON,Style 1: 2001 08 AKG26241,^\d{6}[A][K][G]\d{5}$,"{""year"": {""positions"": {""start"": 1, ""end"": 4}}, ""month"": {""positions"": {""start"": 5, ""end"": 6}}}","[""200108AKG26241""]","{""is_ambiguous"": false, ""notes"": """"}",,,"Year of manufacture can be determined by using the 1 st - 4 th numerical digits
Month of manufacture can be determined by using the 5 th - 6 th numerical digits",https://www.building-center.org/aaonaire-hvac-age/,2026-01-25T03:33:31Z
decode,AAON,Style 2: 97 J KGK153,^\d{2}[J][K][G][K]\d{3}$,"{""year"": {""positions"": {""start"": 1, ""end"": 2}}, ""month"": {""positions"": {""start"": 3, ""end"": 3}}}","[""97JKGK153""]","{""is_ambiguous"": true, ""notes"": ""Year not 4 digits""}",,,"Year of manufacture can be determined using the 1 st & 2 nd numerical digits
Month of manufacture can be determined using the 3 rd character (see chart)",https://www.building-center.org/aaonaire-hvac-age/,2026-01-25T03:33:31Z
decode,AAON,Style 3: AKEC0 87 01,^[A][K][E][C]\d{5}$,"{""year"": {""positions"": {""start"": 6, ""end"": 7}}, ""month"": {""positions"": {""start"": 8, ""end"": 9}}}","[""AKEC08701""]","{""is_ambiguous"": true, ""notes"": ""Year not 4 digits""}",,,"Year of manufacture can be determined using the 6 th &7 th numerical digits
Month of manufacture can be determined using the 8 th & 9 th numerical digits",https://www.building-center.org/aaonaire-hvac-age/,2026-01-25T03:33:31Z
guidance,AbsolutAire,Style 1: 14522,,{},[],"{""is_ambiguous"": true, ""notes"": ""No deterministic decode rule provided""}",contact_manufacturer,"Currently the only known method to determine manufacture date is to contact the manufacturer directly .
If you have updated information regarding this brand, please let us know!","Currently the only known method to determine manufacture date is to contact the manufacturer directly .
If you have updated information regarding this brand, please let us know!",https://www.building-center.org/absolutaire-hvac-age/,2026-01-25T03:33:32Z
decode,ACiQ,Style 1: G 05 16 50885,^[G]\d{9}$,"{""year"": {""positions"": {""start"": 2, ""end"": 3}}, ""week"": {""positions"": {""start"": 4, ""end"": 5}}}","[""G051650885""]","{""is_ambiguous"": true, ""notes"": ""Year not 4 digits""}",,,"This particular style is an ICP style serial number reflecting the original equipment manufacturer serial numbering system.
Year of manufacture can be determined by using the 2 nd & 3 rd positions of ",https://www.building-center.org/aciq-hvac-age/,2026-01-25T03:33:33Z
decode,Adams,Style 1: 1220119,^\d{7}$,"{""year"": {""positions"": {""start"": 4, ""end"": 6}}}","[""1220119""]","{""is_ambiguous"": true, ""notes"": ""Year not 4 digits""}",,,"Unfortunately we are unable to determine the date of manufacture or age of these units. Perhaps you can assist us in our research with additional information.
Email us at [email protected]
Using the A",https://www.building-center.org/adams-hvac-age/,2026-01-25T03:33:35Z
decode,APCO,Style 1: 00 99 20304091,^\d{12}$,"{""year"": {""positions"": {""start"": 3, ""end"": 4}}}","[""009920304091""]","{""is_ambiguous"": true, ""notes"": ""Year not 4 digits""}",,,Year of manufacture can be determined by using the 3 rd & 4 th positions of the serial number,https://www.building-center.org/addison-hvac-age/,2026-01-25T03:33:37Z
decode,APCO,Style 2: 07 10 -043-115-0006,^\d{4}[A-Z0-9-]\d{3}[A-Z0-9-]\d{3}[A-Z0-9-]\d{4}$,"{""year"": {""positions"": {""start"": 1, ""end"": 2}}}","[""0710-043-115-0006""]","{""is_ambiguous"": true, ""notes"": ""Year not 4 digits""}",,,"Year of manufacture can be determined by using the 1 st & 2 nd positions of the serial number
Note: This is a Roberts-Gordon style number",https://www.building-center.org/addison-hvac-age/,2026-01-25T03:33:37Z
decode,APCO,Style 3: 2 86 07 168189,^\d{11}$,"{""year"": {""positions"": {""start"": 2, ""end"": 3}}}","[""28607168189""]","{""is_ambiguous"": true, ""notes"": ""Year not 4 digits""}",,,"Year of manufacture can be determined by using the 2 nd & 3 rd positions of the serial number
Note: This is a pre-1990 style number
Addison (APCO)® History¹ 1949 - Addison Products Company (APCO) foun",https://www.building-center.org/addison-hvac-age/,2026-01-25T03:33:37Z
guidance,Adirondack-Aire,Style 1: Unknown,,"{""year"": {""positions"": {""start"": 4, ""end"": 6}}}",[],"{""is_ambiguous"": true, ""notes"": ""No validated example serial for this style""}",pattern_no_example,"Unfortunately we are unable to determine the date of manufacture or age of these units. Perhaps you can assist us in our research with additional information.
Email us at [email protected]
Using the ANSI or CSA standards to determine approximate Date of Manufacture.
Most manufacturers today are required to include the manufacture compliance standard on the data tag. For the U.S. the compliance standard is typically from the American National Standards Institute (ANSI). For Canada, a common standard compliance is through the Canada Standards Association Group (CSA). Many times both standards are listed. Regardless, the specific standard will normally be listed on the data tag/plate and followed by the YEAR of the last revision (often the year is placed in parenthesis or follows the hyphen a","Unfortunately we are unable to determine the date of manufacture or age of these units. Perhaps you can assist us in our research with additional information.
Email us at [email protected]
Using the A",https://www.building-center.org/adirondackaire-hvac-age/,2026-01-25T03:33:38Z
decode,ADP,Style 1: 56 10 M 00000,^\d{4}[M]\d{5}$,"{""year"": {""positions"": {""start"": 3, ""end"": 4}}, ""month"": {""positions"": {""start"": 5, ""end"": 5}}}","[""5610M00000""]","{""is_ambiguous"": true, ""notes"": ""Year not 4 digits""}",,,"Year of manufacture can be determined by using the 3 rd & 4 th positions of the serial number
Month of manufacture can be determined by using the 5 th position of the serial number (See chart below)
A",https://www.building-center.org/adp-hvac-age/,2026-01-25T03:33:39Z
decode,AEC,Style 1: 98 B 0552,^\d{2}[B]\d{4}$,"{""year"": {""positions"": {""start"": 1, ""end"": 2}}, ""month"": {""positions"": {""start"": 3, ""end"": 3}}}","[""98B0552""]","{""is_ambiguous"": true, ""notes"": ""Year not 4 digits""}",,,"Year of manufacture can be determined by using the 1 st & 2 nd positions of the serial number
Month of manufacture can be determined by using the 3 rd positions of the serial number (See chart below)
",https://www.building-center.org/aec-hvac-age/,2026-01-25T03:33:42Z
decode,AERO,Style 1: 02 09 12345,^\d{9}$,"{""year"": {""positions"": {""start"": 1, ""end"": 2}}, ""month"": {""positions"": {""start"": 3, ""end"": 4}}}","[""020912345""]","{""is_ambiguous"": true, ""notes"": ""Year not 4 digits""}",,,"Year of manufacture can be determined by using the 1 st & 2 nd positions of the serial number
Month of manufacture can be determined by using the 3 rd & 4 th positions of the serial number",https://www.building-center.org/aero-hvac-age/,2026-01-25T03:33:43Z
decode,AERO,Style 2: 03 06 B 1377,^\d{4}[B]\d{4}$,"{""year"": {""positions"": {""start"": 1, ""end"": 2}}, ""month"": {""positions"": {""start"": 3, ""end"": 4}}}","[""0306B1377""]","{""is_ambiguous"": true, ""notes"": ""Year not 4 digits""}",,,"Note: This style from an oil-fired water heater manufactured by Aero under the Bradford White brand (after acquisition in 2002)
Year of manufacture can be determined by using the 1 st & 2 nd positions",https://www.building-center.org/aero-hvac-age/,2026-01-25T03:33:43Z
guidance,Aeroflo,Style 1: Unknown,,"{""year"": {""positions"": {""start"": 4, ""end"": 6}}}",[],"{""is_ambiguous"": true, ""notes"": ""No validated example serial for this style""}",pattern_no_example,"Unfortunately we are unable to determine the date of manufacture or age of these units. Perhaps you can assist us in our research with additional information.
Email us at [email protected]
Using the ANSI or CSA standards to determine approximate Date of Manufacture.
Most manufacturers today are required to include the manufacture compliance standard on the data tag. For the U.S. the compliance standard is typically from the American National Standards Institute (ANSI). For Canada, a common standard compliance is through the Canada Standards Association Group (CSA). Many times both standards are listed. Regardless, the specific standard will normally be listed on the data tag/plate and followed by the YEAR of the last revision (often the year is placed in parenthesis or follows the hyphen a","Unfortunately we are unable to determine the date of manufacture or age of these units. Perhaps you can assist us in our research with additional information.
Email us at [email protected]
Using the A",https://www.building-center.org/aeroflo-hvac-age/,2026-01-25T03:33:44Z
decode,Air Star,Style 1: 85 03 04091,^\d{9}$,"{""year"": {""positions"": {""start"": 1, ""end"": 2}}, ""month"": {""positions"": {""start"": 3, ""end"": 4}}}","[""850304091""]","{""is_ambiguous"": true, ""notes"": ""Year not 4 digits""}",,,"Year of manufacture can be determined by using the 1 st & 2 nd positions of the serial number
Month of manufacture can be determined by using the 3 rd & 4 th positions of the serial number
Air Star® H",https://www.building-center.org/air-star-hvac-age/,2026-01-25T03:33:53Z
decode,AIRCO,Style 1: 12 07 A 012064,^\d{4}[A]\d{6}$,"{""year"": {""positions"": {""start"": 3, ""end"": 4}}, ""month"": {""positions"": {""start"": 5, ""end"": 5}}}","[""1207A012064""]","{""is_ambiguous"": true, ""notes"": ""Year not 4 digits""}",,,"Year of manufacture can be determined by using the 3 rd & 4 th positions of the serial number
Month of manufacture can be determined by using the 5 th character of the serial number (See Chart Below)",https://www.building-center.org/airco-hvac-age/,2026-01-25T03:33:45Z
decode,AIRCO,Style 2: H T YL54759,^[H][T][Y][L]\d{5}$,"{""year"": {""positions"": {""start"": 2, ""end"": 2}}, ""month"": {""positions"": {""start"": 1, ""end"": 1}}}","[""HTYL54759""]","{""is_ambiguous"": true, ""notes"": ""Year not 4 digits""}",,,"Month of manufacture can be determined by using the 1 st character of the serial number (See Chart Below)
Year of manufacture can be determined by using the 2 nd character of the serial number (See Ch",https://www.building-center.org/airco-hvac-age/,2026-01-25T03:33:45Z
decode,Aire-Flo,Style 1: 16 06 B 13871,^\d{4}[B]\d{5}$,"{""year"": {""positions"": {""start"": 3, ""end"": 4}}, ""month"": {""positions"": {""start"": 5, ""end"": 5}}}","[""1606B13871""]","{""is_ambiguous"": true, ""notes"": ""Year not 4 digits""}",,,"Year of manufacture can be determined by using the 3 rd & 4 th positions of the serial number
Month of manufacture can be determined by using the 5 th position of the serial number (See Chart Below)
A",https://www.building-center.org/aire-flo-hvac-age/,2026-01-25T03:33:49Z
decode,AirEase,Style 1: 16 06 B 13871,^\d{4}[B]\d{5}$,"{""year"": {""positions"": {""start"": 3, ""end"": 4}}, ""month"": {""positions"": {""start"": 5, ""end"": 5}}}","[""1606B13871""]","{""is_ambiguous"": true, ""notes"": ""Year not 4 digits""}",,,"Year of manufacture can be determined by using the 3 rd & 4 th positions of the serial number
Month of manufacture can be determined by using the 5 th position of the serial number (See Chart Below)",https://www.building-center.org/airease-hvac-age/,2026-01-25T03:33:47Z
decode,AirEase,Style 2: C89274 A A C,^[C]\d{5}[A]{2}[C]$,"{""year"": {""positions"": {""start"": 8, ""end"": 8}}, ""month"": {""positions"": {""start"": 7, ""end"": 7}}}","[""C89274AAC""]","{""is_ambiguous"": true, ""notes"": ""Year not 4 digits""}",,,"Month of manufacture can be determined by using the 7 th position of the serial number (See Chart Below)
Year of manufacture can be determined by using the 8 th position of the serial number (See Char",https://www.building-center.org/airease-hvac-age/,2026-01-25T03:33:47Z
decode,AirEase,Style 3: 15 A 67 JA09,^\d{2}[A]\d{2}[J][A]\d{2}$,"{""year"": {""positions"": {""start"": 4, ""end"": 5}}, ""month"": {""positions"": {""start"": 3, ""end"": 3}}, ""day"": {""positions"": {""start"": 1, ""end"": 2}}}","[""15A67JA09""]","{""is_ambiguous"": true, ""notes"": ""Year not 4 digits""}",,,"Day of manufacture can be determined by using the 1 st & 2 nd positions of the serial number
Month of manufacture can be determined by using the 3 rd position of the serial number (See Chart Below)
Ye",https://www.building-center.org/airease-hvac-age/,2026-01-25T03:33:47Z
decode,AirEase,Style 4: 414072 03 28,^\d{10}$,"{""year"": {""positions"": {""start"": 7, ""end"": 8}}, ""week"": {""positions"": {""start"": 9, ""end"": 10}}}","[""4140720328""]","{""is_ambiguous"": true, ""notes"": ""Year not 4 digits""}",,,"Year of manufacture can be determined by using the 7 th &8 th positions of the serial number
Week of manufacture can be determined by using the 9 th & 10 th positions of the serial number
AirEase® His",https://www.building-center.org/airease-hvac-age/,2026-01-25T03:33:47Z
decode,Johnson,Style 1: 16 06 B 13871,^\d{4}[B]\d{5}$,"{""year"": {""positions"": {""start"": 3, ""end"": 4}}, ""month"": {""positions"": {""start"": 5, ""end"": 5}}}","[""1606B13871""]","{""is_ambiguous"": true, ""notes"": ""Year not 4 digits""}",,,"Year of manufacture can be determined by using the 3 rd & 4 th positions of the serial number
Month of manufacture can be determined by using the 5 th position of the serial number (See Chart Below)",https://www.building-center.org/airease-johnson-hvac-age/,2026-01-25T03:33:48Z
decode,Johnson,Style 2: C89274 A A C,^[C]\d{5}[A]{2}[C]$,"{""year"": {""positions"": {""start"": 8, ""end"": 8}}, ""month"": {""positions"": {""start"": 7, ""end"": 7}}}","[""C89274AAC""]","{""is_ambiguous"": true, ""notes"": ""Year not 4 digits""}",,,"Month of manufacture can be determined by using the 7 th position of the serial number (See Chart Below)
Year of manufacture can be determined by using the 8 th position of the serial number (See Char",https://www.building-center.org/airease-johnson-hvac-age/,2026-01-25T03:33:48Z
decode,Johnson,Style 3: 15 A 67 JA098,^\d{2}[A]\d{2}[J][A]\d{3}$,"{""year"": {""positions"": {""start"": 4, ""end"": 5}}, ""month"": {""positions"": {""start"": 3, ""end"": 3}}, ""day"": {""positions"": {""start"": 1, ""end"": 2}}}","[""15A67JA098""]","{""is_ambiguous"": true, ""notes"": ""Year not 4 digits""}",,,"Day of manufacture can be determined by using the 1 st & 2 nd positions of the serial number
Month of manufacture can be determined by using the 3 rd position of the serial number (See Chart Below)
Ye",https://www.building-center.org/airease-johnson-hvac-age/,2026-01-25T03:33:48Z
decode,Johnson,Style 4: 414072 03 28,^\d{10}$,"{""year"": {""positions"": {""start"": 7, ""end"": 8}}, ""week"": {""positions"": {""start"": 9, ""end"": 10}}}","[""4140720328""]","{""is_ambiguous"": true, ""notes"": ""Year not 4 digits""}",,,"Year of manufacture can be determined by using the 7 th & 8 th positions of the serial number
Week of manufacture can be determined by using the 9 th & 10 th positions of the serial number
Airease-Joh",https://www.building-center.org/airease-johnson-hvac-age/,2026-01-25T03:33:48Z
decode,Airedale,Style 1: 2001 08 AKG26241,^\d{6}[A][K][G]\d{5}$,"{""year"": {""positions"": {""start"": 1, ""end"": 4}}, ""month"": {""positions"": {""start"": 5, ""end"": 6}}}","[""200108AKG26241""]","{""is_ambiguous"": false, ""notes"": """"}",,,"Year of manufacture can be determined by using the 1 st - 4 th positions of the serial number
Month of manufacture can be determined by using the 5 th & 6 th positions of the serial number",https://www.building-center.org/airedale-hvac-age/,2026-01-25T03:33:47Z
decode,Airedale,Style 2: 97 J KGK153,^\d{2}[J][K][G][K]\d{3}$,"{""year"": {""positions"": {""start"": 1, ""end"": 2}}, ""month"": {""positions"": {""start"": 3, ""end"": 3}}}","[""97JKGK153""]","{""is_ambiguous"": true, ""notes"": ""Year not 4 digits""}",,,"Year of manufacture can be determined by using the 1 st & 2 nd positions of the serial number
Month of manufacture can be determined by using the 3 rd position of the serial number (See Chart Below)",https://www.building-center.org/airedale-hvac-age/,2026-01-25T03:33:47Z
decode,Airedale,Style 3: AKEC0 87 01,^[A][K][E][C]\d{5}$,"{""year"": {""positions"": {""start"": 6, ""end"": 7}}, ""month"": {""positions"": {""start"": 8, ""end"": 9}}}","[""AKEC08701""]","{""is_ambiguous"": true, ""notes"": ""Year not 4 digits""}",,,"Year of manufacture can be determined by using the 6 th & 7 th positions of the serial number
Month of manufacture can be determined by using the 8 th & 9 th position of the serial number (See Chart B",https://www.building-center.org/airedale-hvac-age/,2026-01-25T03:33:47Z
decode,AirPac,Style 1: E 04 2555,^[E]\d{6}$,"{""year"": {""positions"": {""start"": 2, ""end"": 3}}, ""month"": {""positions"": {""start"": 1, ""end"": 1}}}","[""E042555""]","{""is_ambiguous"": true, ""notes"": ""Year not 4 digits""}",,,"Month of manufacture can be determined by using the 1 st position of the serial number (See Chart Below)
Year of manufacture can be determined by using the 2 nd & 3 rd positions of the serial number
A",https://www.building-center.org/airpac-hvac-age/,2026-01-25T03:33:51Z
decode,Airquest,Style 1: E 07 25 14528,^[E]\d{9}$,"{""year"": {""positions"": {""start"": 2, ""end"": 3}}, ""week"": {""positions"": {""start"": 4, ""end"": 5}}}","[""E072514528""]","{""is_ambiguous"": true, ""notes"": ""Year not 4 digits""}",,,"Year of manufacture can be determined by using the 2 nd & 3 rd positions of the serial number
Week of manufacture can be determined by using the 4 th & 5 th positions of the serial number",https://www.building-center.org/airquest-hvac-age/,2026-01-25T03:33:52Z
decode,Airquest,Style 2: L 92 06 71787,^[L]\d{9}$,"{""year"": {""positions"": {""start"": 2, ""end"": 3}}, ""week"": {""positions"": {""start"": 4, ""end"": 5}}}","[""L920671787""]","{""is_ambiguous"": true, ""notes"": ""Year not 4 digits""}",,,"Year of manufacture can be determined by using the 2 nd & 3 rd positions of the serial number
Week of manufacture can be determined by using the 4 th & 5 th positions of the serial number",https://www.building-center.org/airquest-hvac-age/,2026-01-25T03:33:52Z
decode,Airquest,Style 3: 41 02 G12345,^\d{4}[G]\d{5}$,"{""year"": {""positions"": {""start"": 3, ""end"": 4}}, ""week"": {""positions"": {""start"": 1, ""end"": 2}}}","[""4102G12345""]","{""is_ambiguous"": true, ""notes"": ""Year not 4 digits""}",,,"Week of manufacture can be determined by using the 1 st & 2 nd positions of the serial number
Year of manufacture can be determined by using the 3 rd & 4 th positions of the serial number
Airquest® Hi",https://www.building-center.org/airquest-hvac-age/,2026-01-25T03:33:52Z
decode,Chrysler Air-Temp,Style 1: 5 G3 1261 or 7 R66 1430 or 3 D5 68320 (1960's - 1970's),"^[A-Z0-9]{7,8}$","{""year"": {""positions"": {""start"": 1, ""end"": 1}}}","[""3D568320"", ""5G31261"", ""7R661430""]","{""is_ambiguous"": true, ""notes"": ""Year not 4 digits""}",,,"Year of manufacture can be determined by using the 1 st position of the serial number
Month of manufacture cannot currently be determined by using the serial number",https://www.building-center.org/airtemp-hvac-age/,2026-01-25T03:33:54Z
guidance,Chrysler Air-Temp,"Style 3: OL98 4 392 (unknown era, but presumed 1950's ~ 1974)",,"{""year"": {""positions"": {""start"": 5, ""end"": 5}}}",[],"{""is_ambiguous"": true, ""notes"": ""No validated example serial for this style""}",pattern_no_example,"Year of manufacture can be determined by using the 5 th position of the serial number
Month of manufacture cannot currently be determined by using the serial number
CAUTION: Use this style formatting if the precise letter combinations cannot be found in style 4 below.","Year of manufacture can be determined by using the 5 th position of the serial number
Month of manufacture cannot currently be determined by using the serial number
CAUTION: Use this style formatting ",https://www.building-center.org/airtemp-hvac-age/,2026-01-25T03:33:54Z
decode,Chrysler Air-Temp,Style 5: VSG 18 11 50070 (current Nordyne/Nortek style 2012 and after),^[TV][ES][GK][A-Z0-9]{5}\d{4}[AC][NU][DR][AR][EF][NT][ET][NR]$,"{""year"": {""positions"": {""start"": 3, ""end"": 4}}, ""month"": {""positions"": {""start"": 5, ""end"": 6}}}","[""TEKSTYLE2012ANDAFTER"", ""VSG181150070CURRENTN""]","{""is_ambiguous"": true, ""notes"": ""Year not 4 digits""}",,,"Year of manufacture can be determined by using the 3 rd & 4 th positions of the serial number
Month of manufacture can be determined by using the 5 th & 6 th positions of the serial number
This is a N",https://www.building-center.org/airtemp-hvac-age/,2026-01-25T03:33:54Z
guidance,Airtherm,Style 1: UNKNOWN,,"{""year"": {""positions"": {""start"": 4, ""end"": 6}}}",[],"{""is_ambiguous"": true, ""notes"": ""No validated example serial for this style""}",pattern_no_example,"Unfortunately we are unable to determine the date of manufacture or age of these units. Perhaps you can assist us in our research with additional information.
Email us at [email protected]
Using the ANSI or CSA standards to determine approximate Date of Manufacture.
Most manufacturers today are required to include the manufacture compliance standard on the data tag. For the U.S. the compliance standard is typically from the American National Standards Institute (ANSI). For Canada, a common standard compliance is through the Canada Standards Association Group (CSA). Many times both standards are listed. Regardless, the specific standard will normally be listed on the data tag/plate and followed by the YEAR of the last revision (often the year is placed in parenthesis or follows the hyphen a","Unfortunately we are unable to determine the date of manufacture or age of these units. Perhaps you can assist us in our research with additional information.
Email us at [email protected]
Using the A",https://www.building-center.org/airtherm-hvac-age/,2026-01-25T03:33:55Z
decode,Allied Air/Allied-Commercial,Style 1: 16 06 B 13871,^\d{4}[B]\d{5}$,"{""year"": {""positions"": {""start"": 3, ""end"": 4}}, ""month"": {""positions"": {""start"": 5, ""end"": 5}}}","[""1606B13871""]","{""is_ambiguous"": true, ""notes"": ""Year not 4 digits""}",,,"Year of manufacture can be determined by using the 3rd & 4th positions of the serial number
Month of manufacture can be determined by using the 5 th position of the serial number (See below for legend",https://www.building-center.org/allied-commercial-hvac-age/,2026-01-25T03:33:56Z
decode,Allied Air/Allied-Commercial,Style 2: C89274 A A C,^[C]\d{5}[A]{2}[C]$,"{""year"": {""positions"": {""start"": 7, ""end"": 7}}, ""month"": {""positions"": {""start"": 6, ""end"": 6}}}","[""C89274AAC""]","{""is_ambiguous"": true, ""notes"": ""Year not 4 digits""}",,,"Year of manufacture can be determined by using the 7 th position of the serial number (See chart below for legend)
Month of manufacture can be determined by using the 6th position of the serial number",https://www.building-center.org/allied-commercial-hvac-age/,2026-01-25T03:33:56Z
decode,Allied Air/Allied-Commercial,Style 3: 15 A 67 JA098,^\d{2}[A]\d{2}[J][A]\d{3}$,"{""year"": {""positions"": {""start"": 4, ""end"": 5}}, ""week"": {""positions"": {""start"": 3, ""end"": 3}}, ""day"": {""positions"": {""start"": 1, ""end"": 2}}}","[""15A67JA098""]","{""is_ambiguous"": true, ""notes"": ""Year not 4 digits""}",,,"Day of manufacture can be determined by using the 1 st & 2 nd position of the serial number
Week of manufacture can be determined by using the 3 rd position of the serial number (See chart below for l",https://www.building-center.org/allied-commercial-hvac-age/,2026-01-25T03:33:56Z
decode,Allied Air/Allied-Commercial,Style 4: 414072 03 28,^\d{10}$,"{""year"": {""positions"": {""start"": 7, ""end"": 8}}, ""week"": {""positions"": {""start"": 9, ""end"": 10}}}","[""4140720328""]","{""is_ambiguous"": true, ""notes"": ""Year not 4 digits""}",,,"Year of manufacture can be determined by using the 7 th & 8 th position of the serial number
Week of manufacture can be determined by using the 9 th & 10 th p osition of the serial number
Allied-Comme",https://www.building-center.org/allied-commercial-hvac-age/,2026-01-25T03:33:56Z
decode,Goodman/Amana/Daikin,Style 1: 01 09 145052,^\d{10}$,"{""year"": {""positions"": {""start"": 1, ""end"": 2}}, ""month"": {""positions"": {""start"": 4, ""end"": 5}}}","[""0109145052""]","{""is_ambiguous"": true, ""notes"": ""Year not 4 digits""}",,,"Year of manufacture can be determined by using the 1 st & 2 nd positions of the serial number
Month of manufacture can be determined by using the 4 th & 5 th positions of the serial number",https://www.building-center.org/amana-hvac-age/,2026-01-25T03:33:59Z
decode,Goodman/Amana/Daikin,Style 2: 96 -90391,^\d{2}[A-Z0-9-]\d{5}$,"{""year"": {""positions"": {""start"": 1, ""end"": 2}}}","[""96-90391""]","{""is_ambiguous"": true, ""notes"": ""Year not 4 digits""}",,,Year of manufacture can be determined by using the 1 st & 2 nd positions of the serial number,https://www.building-center.org/amana-hvac-age/,2026-01-25T03:33:59Z
decode,Goodman/Amana/Daikin,Style 3: 04 05 90391,^\d{9}$,"{""year"": {""positions"": {""start"": 1, ""end"": 2}}, ""month"": {""positions"": {""start"": 4, ""end"": 5}}}","[""040590391""]","{""is_ambiguous"": true, ""notes"": ""Year not 4 digits""}",,,"Year of manufacture can be determined by using the 1 st & 2 nd positions of the serial number
Month of manufacture can be determined by using the 4 th & 5 th positions of the serial number
Every effor",https://www.building-center.org/amana-hvac-age/,2026-01-25T03:33:59Z
decode,American Best,Style 1: 85 03 04091,^\d{9}$,"{""year"": {""positions"": {""start"": 1, ""end"": 2}}, ""month"": {""positions"": {""start"": 3, ""end"": 4}}}","[""850304091""]","{""is_ambiguous"": true, ""notes"": ""Year not 4 digits""}",,,"Year of manufacture can be determined by using the 1 st & 2 nd positions of the serial number
Month of manufacture can be determined by using the 3 rd & 4 th positions of the serial number
American Be",https://www.building-center.org/american-best-hvac-age/,2026-01-25T03:34:01Z
decode,Lennox,Style 1: 46 07 B 20058,^\d{4}[B]\d{5}$,"{""year"": {""positions"": {""start"": 3, ""end"": 4}}, ""month"": {""positions"": {""start"": 5, ""end"": 5}}}","[""4607B20058""]","{""is_ambiguous"": true, ""notes"": ""Year not 4 digits""}",,,"Year of manufacture can be determined by using the 3 rd & 4 th positions of the serial number
Month of manufacture can be determined by using the 5 th position of the serial number (See chart below)",https://www.building-center.org/armstrong-air-hvac-age/,2026-01-25T03:34:23Z
decode,Lennox,Style 1: A14019 E L A,^[A]\d{5}[E][L][A]$,"{""year"": {""positions"": {""start"": 8, ""end"": 8}}, ""month"": {""positions"": {""start"": 7, ""end"": 7}}}","[""A14019ELA""]","{""is_ambiguous"": true, ""notes"": ""Year not 4 digits""}",,,"Month of manufacture can be determined by using the 7 th position of the serial number (See chart below)
Year of manufacture can be determined by using the 8 th position of the serial number (See char",https://www.building-center.org/armstrong-air-hvac-age/,2026-01-25T03:34:23Z
decode,Atherion,Style 2: 97 J KGJ153,^\d{2}[J][K][G][J]\d{3}$,"{""year"": {""positions"": {""start"": 1, ""end"": 2}}, ""month"": {""positions"": {""start"": 3, ""end"": 3}}}","[""97JKGJ153""]","{""is_ambiguous"": true, ""notes"": ""Year not 4 digits""}",,,"Year of manufacture can be determined by using the 1 st & 2 nd positions of the serial number
Month of manufacture can be determined by using the 3 rd position of the serial number (See chart below)",https://www.building-center.org/atherion-hvac-age/,2026-01-25T03:34:25Z
decode,Atherion,Style 3: AKEC0 87 01,^[A][K][E][C]\d{5}$,"{""year"": {""positions"": {""start"": 6, ""end"": 7}}, ""month"": {""positions"": {""start"": 8, ""end"": 9}}}","[""AKEC08701""]","{""is_ambiguous"": true, ""notes"": ""Year not 4 digits""}",,,"Year of manufacture can be determined by using the 6 th & 7 th positions of the serial number
Month of manufacture can be determined by using the 8 th & 9 th position of the serial number
Atherion® Hi",https://www.building-center.org/atherion-hvac-age/,2026-01-25T03:34:25Z
decode,Unknown,Style 5: 94 0128116,^\d{9}$,"{""year"": {""positions"": {""start"": 1, ""end"": 2}}}","[""940128116""]","{""is_ambiguous"": true, ""notes"": ""Year not 4 digits""}",,,"Year of manufacture can be determined by using the 1 st & 2 nd positions (digits) of the serial number
Bard® History¹
1914 - Dale Bard launches the Bryan Plumbing and Heating Company in Bryan, OH as a",https://www.building-center.org/bard-hvac-age/,2026-01-25T03:34:31Z
decode,BDP,Style 1: 07 09 G10932,^\d{4}[G]\d{5}$,"{""year"": {""positions"": {""start"": 3, ""end"": 4}}, ""week"": {""positions"": {""start"": 1, ""end"": 2}}}","[""0709G10932""]","{""is_ambiguous"": true, ""notes"": ""Year not 4 digits""}",,,"Description: Ten (10) character Serial number begins with four (4) numerical digits followed by one (1) letter and ends with five (5) numerical digits.
Year of manufacture can be determined by using t",https://www.building-center.org/bdp-hvac-age/,2026-01-25T03:34:34Z
decode,BDP,Style 2: 85 03 04091,^\d{9}$,"{""year"": {""positions"": {""start"": 1, ""end"": 2}}, ""month"": {""positions"": {""start"": 3, ""end"": 4}}}","[""850304091""]","{""is_ambiguous"": true, ""notes"": ""Year not 4 digits""}",,,"Description: Nine (9) character all numerical serial number. This style was used primarily during the 1980's.
Year of manufacture can be determined by using the 1 st & 2 nd positions of the serial num",https://www.building-center.org/bdp-hvac-age/,2026-01-25T03:34:34Z
guidance,BERNER,Style 1: Unknown,,"{""year"": {""positions"": {""start"": 4, ""end"": 6}}}",[],"{""is_ambiguous"": true, ""notes"": ""No validated example serial for this style""}",pattern_no_example,"Using the ANSI or CSA standards to determine approximate Date of Manufacture.
Most manufacturers today are required to include the manufacture compliance standard on the data tag. For the U.S. the compliance standard is typically from the American National Standards Institute (ANSI). For Canada, a common standard compliance is through the Canada Standards Association Group (CSA). Many times both standards are listed. Regardless, the specific standard will normally be listed on the data tag/plate and followed by the YEAR of the last revision (often the year is placed in parenthesis or follows the hyphen after the specific standard number). As these standards are revised or renewed approximately every 4 to 6 years, one can reasonably estimate the year of manufacture within 4-6 years from (af","Using the ANSI or CSA standards to determine approximate Date of Manufacture.
Most manufacturers today are required to include the manufacture compliance standard on the data tag. For the U.S. the com",https://www.building-center.org/berner-hvac-age/,2026-01-25T03:34:39Z
decode,Bryant,Style 1: 07 09 G10932,^\d{4}[G]\d{5}$,"{""year"": {""positions"": {""start"": 3, ""end"": 4}}, ""week"": {""positions"": {""start"": 1, ""end"": 2}}}","[""0709G10932""]","{""is_ambiguous"": true, ""notes"": ""Year not 4 digits""}",,,"Description: Ten (10) character Serial number begins with four (4) numerical digits followed by one (1) letter and ends with five (5) numerical digits.
Year of manufacture can be determined by using t",https://www.building-center.org/bryant-hvac-age/,2026-01-25T03:34:47Z
decode,Bryant,Style 2: 85 03 04091,^\d{9}$,"{""year"": {""positions"": {""start"": 1, ""end"": 2}}, ""month"": {""positions"": {""start"": 3, ""end"": 4}}}","[""850304091""]","{""is_ambiguous"": true, ""notes"": ""Year not 4 digits""}",,,"Description: Nine (9) character all numerical serial number. This style was used primarily during the 1980's.
Year of manufacture can be determined by using the 1 st & 2 nd positions of the serial num",https://www.building-center.org/bryant-hvac-age/,2026-01-25T03:34:47Z
decode,Buderus,Style 2: 253000- 08065 -00040-77470007354,^\d{6}[A-Z0-9-]\d{5}[A-Z0-9-]\d{5}[A-Z0-9-]\d{11}$,"{""year"": {""positions"": {""start"": 1, ""end"": 2}}, ""day"": {""positions"": {""start"": 2, ""end"": 2}}}","[""253000-08065-00040-77470007354""]","{""is_ambiguous"": true, ""notes"": ""Year not 4 digits""}",,,"The Year of Manufacture can be determined by using the 1st & 2nd numerical digit of the 2nd series of digits.
The Day of Manufacture can be determined by using the last three digits of the 2nd series ",https://www.building-center.org/buderus-hvac-age/,2026-01-25T03:34:47Z
decode,Carrier/ICP,Style 1: 40 06 A17330,^\d{4}[A]\d{5}$,"{""year"": {""positions"": {""start"": 3, ""end"": 4}}, ""week"": {""positions"": {""start"": 1, ""end"": 2}}}","[""4006A17330""]","{""is_ambiguous"": true, ""notes"": ""Year not 4 digits""}",,,"This is the newest style for Carrier brand (or subsidiary) systems, and the age can be determined by the first four numbers.
The serial number style has been used since 1980, and is formatted by 4 num",https://www.building-center.org/carrier-hvac-age/,2026-01-25T03:34:54Z
decode,Carrier/ICP,Style 2: 85 03 04091,^\d{9}$,"{""year"": {""positions"": {""start"": 1, ""end"": 2}}, ""month"": {""positions"": {""start"": 3, ""end"": 4}}}","[""850304091""]","{""is_ambiguous"": true, ""notes"": ""Year not 4 digits""}",,,"This is a Bryant or BDP brand style number (merged with Carrier in 1955 and BDP created in 1974). The age can be determined by the first four numbers.
The serial number style was used primarily during",https://www.building-center.org/carrier-hvac-age/,2026-01-25T03:34:54Z
decode,Carrier/ICP,Style 3: W 4 D14008 (U.S.) ~or~ 4 W D14008 (Canada),^[A-Z0-9]{2}[D]\d{5}$,"{""year"": {""positions"": {""start"": 2, ""end"": 2}}, ""month"": {""positions"": {""start"": 1, ""end"": 1}}}","[""4WD14008"", ""W4D14008""]","{""is_ambiguous"": true, ""notes"": ""Year not 4 digits""}",,,"The serial number style was used exclusively from 1980-1984 and ONLY used letters M through Z to represent the month.
CAUTION: Canada units reverse the Year and Month positions from U.S. made serial n",https://www.building-center.org/carrier-hvac-age/,2026-01-25T03:34:54Z
decode,Carrier/ICP,Style 4: A 1 67890,^[A]\d{6}$,"{""year"": {""positions"": {""start"": 2, ""end"": 2}}, ""month"": {""positions"": {""start"": 1, ""end"": 1}}}","[""A167890""]","{""is_ambiguous"": true, ""notes"": ""Year not 4 digits""}",,,"The serial number style was used exclusively from January 1, 1969 to December 31, 1979.
Description: Seven (7) character serial number started with letters from A to L .  Formatted by one (1) letter (",https://www.building-center.org/carrier-hvac-age/,2026-01-25T03:34:54Z
guidance,Carrier/ICP,Style 5: 6 ###### (U.S.) ~or~ 6 #### (Canada),,"{""year"": {""positions"": {""start"": 1, ""end"": 1}}}",[],"{""is_ambiguous"": true, ""notes"": ""No validated example serial for this style""}",pattern_no_example,"The serial number style was used exclusively PRIOR to 1969
Description:
U.S. Only: Seven (7) character all numeric serial number.
Canada Only: Five (5) character all numeric serial number.
Year of manufacture can be determined by using the 1 st position of the serial number
This style of serial number was exclusively PRIOR to 1969.","The serial number style was used exclusively PRIOR to 1969
Description:
U.S. Only: Seven (7) character all numeric serial number.
Canada Only: Five (5) character all numeric serial number.
Year of man",https://www.building-center.org/carrier-hvac-age/,2026-01-25T03:34:54Z
guidance,Celsior,Style 1: UNKNOWN,,"{""year"": {""positions"": {""start"": 4, ""end"": 6}}}",[],"{""is_ambiguous"": true, ""notes"": ""No validated example serial for this style""}",pattern_no_example,"Using the ANSI or CSA standards to determine approximate Date of Manufacture.
Most manufacturers today are required to include the manufacture compliance standard on the data tag. For the U.S. the compliance standard is typically from the American National Standards Institute (ANSI). For Canada, a common standard compliance is through the Canada Standards Association Group (CSA). Many times both standards are listed. Regardless, the specific standard will normally be listed on the data tag/plate and followed by the YEAR of the last revision (often the year is placed in parenthesis or follows the hyphen after the specific standard number). As these standards are revised or renewed approximately every 4 to 6 years, one can reasonably estimate the year of manufacture within 4-6 years from (af","Using the ANSI or CSA standards to determine approximate Date of Manufacture.
Most manufacturers today are required to include the manufacture compliance standard on the data tag. For the U.S. the com",https://www.building-center.org/celsior-hvac-age/,2026-01-25T03:34:56Z
decode,Century,Style 1: RSF 15 03 00183 (Nordyne style),^[R][S][F]\d{9}[N]$,"{""year"": {""positions"": {""start"": 4, ""end"": 5}}, ""month"": {""positions"": {""start"": 6, ""end"": 7}}}","[""RSF150300183N""]","{""is_ambiguous"": true, ""notes"": ""Year not 4 digits""}",,,"Year of manufacture can be determined by using the 4 th & 5 th positions of the serial number
Month of manufacture can be determined by using the 6 th & 7 th positions of the serial number
Note: The p",https://www.building-center.org/century-hvac-age/,2026-01-25T03:34:57Z
decode,Century,Style 2: EB5D302F 32 01 07830 (Rheem style),^[E][B]\d[D]\d{3}[F]\d{9}$,"{""year"": {""positions"": {""start"": 11, ""end"": 12}}, ""week"": {""positions"": {""start"": 9, ""end"": 10}}}","[""EB5D302F320107830""]","{""is_ambiguous"": true, ""notes"": ""Year not 4 digits""}",,,"Year of manufacture can be determined by using the 11 th & 12 th positions of the serial number
Week of manufacture can be determined by using the 9 th & 10 th positions of the serial number",https://www.building-center.org/century-hvac-age/,2026-01-25T03:34:57Z
decode,Century,Style 3: 08 04 237539 (Goodman style),^\d{10}$,"{""year"": {""positions"": {""start"": 1, ""end"": 2}}, ""month"": {""positions"": {""start"": 3, ""end"": 4}}}","[""0804237539""]","{""is_ambiguous"": true, ""notes"": ""Year not 4 digits""}",,,"Year of manufacture can be determined by using the 1 st & 2 nd positions of the serial number
Month of manufacture can be determined by using the 3 rd & 4 th positions of the serial number",https://www.building-center.org/century-hvac-age/,2026-01-25T03:34:57Z
decode,Century,Style 4: R 04 24 070098 (ICP style),^[R]\d{10}$,"{""year"": {""positions"": {""start"": 2, ""end"": 3}}, ""week"": {""positions"": {""start"": 4, ""end"": 5}}}","[""R0424070098""]","{""is_ambiguous"": true, ""notes"": ""Year not 4 digits""}",,,"Year of manufacture can be determined by using the 2 nd & 3 rd positions of the serial number
Week of manufacture can be determined by using the 4 th & 5 th positions of the serial number",https://www.building-center.org/century-hvac-age/,2026-01-25T03:34:57Z
decode,Chromalox,Style 2: 253000- 08065 -00040-77470007354,^\d{6}[A-Z0-9-]\d{5}[A-Z0-9-]\d{5}[A-Z0-9-]\d{11}$,"{""year"": {""positions"": {""start"": 1, ""end"": 2}}, ""day"": {""positions"": {""start"": 2, ""end"": 2}}}","[""253000-08065-00040-77470007354""]","{""is_ambiguous"": true, ""notes"": ""Year not 4 digits""}",,,"The Year of Manufacture can be determined by using the 1st & 2nd numerical digit of the 2nd series of digits.
The Day of Manufacture can be determined by using the last three digits of the 2nd series ",https://www.building-center.org/chromalox-hvac-age/,2026-01-25T03:35:00Z
decode,ClimateWorx,Style 1: 03-1205/C03/01A,^\d{2}[A-Z0-9-]\d{4}[C]\d{4}[A]$,"{""year"": {""positions"": {""start"": 4, ""end"": 6}}}","[""03-1205C0301A""]","{""is_ambiguous"": true, ""notes"": ""Year not 4 digits""}",,,"Using the ANSI or CSA standards to determine approximate Date of Manufacture.
Most manufacturers today are required to include the manufacture compliance standard on the data tag. For the U.S. the com",https://www.building-center.org/climateworx-hvac-age/,2026-01-25T03:35:10Z
guidance,Cold Point,Style 1: Unknown,,"{""year"": {""positions"": {""start"": 4, ""end"": 6}}}",[],"{""is_ambiguous"": true, ""notes"": ""No validated example serial for this style""}",pattern_no_example,"Description:
Unfortunately we are unable to determine the date of manufacture or age of these units.  Perhaps you can assist us in our research with additional information.
Email us at [email protected]
Using the ANSI or CSA standards to determine approximate Date of Manufacture.
Most manufacturers today are required to include the manufacture compliance standard on the data tag.  For the U.S. the compliance standard is typically from the American National Standards Institute (ANSI).  For Canada, a common standard compliance is through the Canada Standards Association Group (CSA).  Many times both standards are listed.  Regardless, the specific standard will normally be listed on the data tag/plate and followed by the YEAR of the last revision (often the year is placed in parenthesis or fo","Description:
Unfortunately we are unable to determine the date of manufacture or age of these units.  Perhaps you can assist us in our research with additional information.
Email us at [email protecte",https://www.building-center.org/cold-point-hvac-age/,2026-01-25T03:35:14Z
decode,York/JCI,Style 3: 99 06 97368,^\d{9}$,"{""year"": {""positions"": {""start"": 1, ""end"": 2}}, ""month"": {""positions"": {""start"": 3, ""end"": 4}}}","[""990697368""]","{""is_ambiguous"": true, ""notes"": ""Year not 4 digits""}",,,"Year of manufacture can be determined by using the 1 st & 2 nd positions of the serial number
Month of manufacture can be determined by using the 3 rd & 4 th positions of the serial number
NOTE: This ",https://www.building-center.org/coleman-hvac-age/,2026-01-25T03:35:15Z
decode,York/JCI,Style 4: 01 88 123456,^\d{10}$,"{""year"": {""positions"": {""start"": 3, ""end"": 4}}, ""month"": {""positions"": {""start"": 1, ""end"": 2}}}","[""0188123456""]","{""is_ambiguous"": true, ""notes"": ""Year not 4 digits""}",,,"Year of manufacture can be determined by using the 3 rd & 4 th positions of the serial number
Month of manufacture can be determined by using the 1 st & 2 nd positions of the serial number
NOTE: This ",https://www.building-center.org/coleman-hvac-age/,2026-01-25T03:35:15Z
decode,Comfort-Aire,Style 1: RSF 15 03 00183 (Nordyne style),^[R][S][F]\d{9}[N]$,"{""year"": {""positions"": {""start"": 4, ""end"": 5}}, ""month"": {""positions"": {""start"": 6, ""end"": 7}}}","[""RSF150300183N""]","{""is_ambiguous"": true, ""notes"": ""Year not 4 digits""}",,,"Year of manufacture can be determined by using the 4 th & 5 th positions of the serial number
Month of manufacture can be determined by using the 6 th & 7 th positions of the serial number
Note: The p",https://www.building-center.org/comfort-aire-hvac-age/,2026-01-25T03:35:17Z
decode,Comfort-Aire,Style 2: EB5D302F 32 01 07830 (Rheem style),^[E][B]\d[D]\d{3}[F]\d{9}$,"{""year"": {""positions"": {""start"": 11, ""end"": 12}}, ""week"": {""positions"": {""start"": 9, ""end"": 10}}}","[""EB5D302F320107830""]","{""is_ambiguous"": true, ""notes"": ""Year not 4 digits""}",,,"Year of manufacture can be determined by using the 11 th & 12 th positions of the serial number
Week of manufacture can be determined by using the 9 th & 10 th positions of the serial number",https://www.building-center.org/comfort-aire-hvac-age/,2026-01-25T03:35:17Z
decode,Comfort-Aire,Style 3: 08 04 237539 (Goodman style),^\d{10}$,"{""year"": {""positions"": {""start"": 1, ""end"": 2}}, ""month"": {""positions"": {""start"": 3, ""end"": 4}}}","[""0804237539""]","{""is_ambiguous"": true, ""notes"": ""Year not 4 digits""}",,,"Year of manufacture can be determined by using the 1 st & 2 nd positions of the serial number
Month of manufacture can be determined by using the 3 rd & 4 th positions of the serial number",https://www.building-center.org/comfort-aire-hvac-age/,2026-01-25T03:35:17Z
decode,Comfort-Aire,Style 4: R 04 24 070098 (ICP style),^[R]\d{10}$,"{""year"": {""positions"": {""start"": 2, ""end"": 3}}, ""week"": {""positions"": {""start"": 4, ""end"": 5}}}","[""R0424070098""]","{""is_ambiguous"": true, ""notes"": ""Year not 4 digits""}",,,"Year of manufacture can be determined by using the 2 nd & 3 rd positions of the serial number
Week of manufacture can be determined by using the 4 th & 5 th positions of the serial number",https://www.building-center.org/comfort-aire-hvac-age/,2026-01-25T03:35:17Z
guidance,Commercial-Pak,Style 1: UNKNOWN,,"{""year"": {""positions"": {""start"": 4, ""end"": 6}}}",[],"{""is_ambiguous"": true, ""notes"": ""No validated example serial for this style""}",pattern_no_example,"Using the ANSI or CSA standards to determine approximate Date of Manufacture.
Most manufacturers today are required to include the manufacture compliance standard on the data tag. For the U.S. the compliance standard is typically from the American National Standards Institute (ANSI). For Canada, a common standard compliance is through the Canada Standards Association Group (CSA). Many times both standards are listed. Regardless, the specific standard will normally be listed on the data tag/plate and followed by the YEAR of the last revision (often the year is placed in parenthesis or follows the hyphen after the specific standard number). As these standards are revised or renewed approximately every 4 to 6 years, one can reasonably estimate the year of manufacture within 4-6 years from (af","Using the ANSI or CSA standards to determine approximate Date of Manufacture.
Most manufacturers today are required to include the manufacture compliance standard on the data tag. For the U.S. the com",https://www.building-center.org/commercial-pak-hvac-age/,2026-01-25T03:35:20Z
decode,Copper-fin,Style 2: 1142 N012345,^\d{4}[N]\d{6}$,"{""year"": {""positions"": {""start"": 1, ""end"": 2}}, ""week"": {""positions"": {""start"": 3, ""end"": 4}}}","[""1142N012345""]","{""is_ambiguous"": true, ""notes"": ""Year not 4 digits""}",,,"Year of manufacture can be determined by using the 1st & 2nd numerical digits.
Week of manufacture can be determined by using the 3rd & 4th numerical digits.",https://www.building-center.org/copper-fin-hvac-age/,2026-01-25T03:35:26Z
decode,Goodman/Amana/Daikin,Style 4: 04 9 27 0032,^\d{9}$,"{""year"": {""positions"": {""start"": 3, ""end"": 3}}, ""week"": {""positions"": {""start"": 4, ""end"": 5}}}","[""049270032""]","{""is_ambiguous"": true, ""notes"": ""Year not 4 digits""}",,,"Year of manufacture can be determined by using the 3 rd digit of the serial number (see chart below)
Week of manufacture can be determined by using the 4 th & 5 th digits of the serial number
NOTE: Th",https://www.building-center.org/daikin-hvac-age/,2026-01-25T03:35:39Z
decode,Goodman/Amana/Daikin,Style 7: R 88 12 12345,^[R]\d{9}$,"{""year"": {""positions"": {""start"": 2, ""end"": 3}}, ""week"": {""positions"": {""start"": 4, ""end"": 5}}}","[""R881212345""]","{""is_ambiguous"": true, ""notes"": ""Year not 4 digits""}",,,"Year of manufacture can be determined by using the 2 nd & 3 rd digits of the serial number
Week of manufacture can be determined by using the 4 th & 5 th digits of the serial number",https://www.building-center.org/daikin-hvac-age/,2026-01-25T03:35:39Z
decode,Goodman/Amana/Daikin,Style 10: 16 02 393269,^\d{10}$,"{""year"": {""positions"": {""start"": 1, ""end"": 2}}, ""month"": {""positions"": {""start"": 3, ""end"": 4}}}","[""1602393269""]","{""is_ambiguous"": true, ""notes"": ""Year not 4 digits""}",,,"Year of manufacture can be determined by using the 1 st & 2 nd numbers of the serial number
Month of manufacture can be determined by using the 3 rd & 4th numbers of the serial number
Daikin® History¹",https://www.building-center.org/daikin-hvac-age/,2026-01-25T03:35:39Z
decode,Dornback,Style 1: 1220119,^\d{7}$,"{""year"": {""positions"": {""start"": 4, ""end"": 6}}}","[""1220119""]","{""is_ambiguous"": true, ""notes"": ""Year not 4 digits""}",,,"Unfortunately we are unable to determine the date of manufacture or age of these units. Perhaps you can assist us in our research with additional information.
Email us at [email protected]
Using the A",https://www.building-center.org/dornback-hvac-age/,2026-01-25T03:35:49Z
decode,Lennox,Style 1: 414072 03 28,^\d{10}$,"{""year"": {""positions"": {""start"": 3, ""end"": 4}}}","[""4140720328""]","{""is_ambiguous"": true, ""notes"": ""Year not 4 digits""}",,,"Year of manufacture can be determined by using the 4 th & 3 rd from last positions of the serial number
Week of manufacture can be determined by using the last 2 positions of the serial number",https://www.building-center.org/ducane-hvac-age/,2026-01-25T03:35:50Z
decode,Dunkirk,Style 1: 16 05 00150,^\d{9}$,"{""year"": {""positions"": {""start"": 3, ""end"": 4}}, ""week"": {""positions"": {""start"": 1, ""end"": 2}}}","[""160500150""]","{""is_ambiguous"": true, ""notes"": ""Year not 4 digits""}",,,"Week of manufacture can be determined by using the 1 st & 2 nd positions of the serial number
Year of manufacture can be determined by using the 3 rd & 4 th positions of the serial number
A quick refe",https://www.building-center.org/dunkirk-hvac-age/,2026-01-25T03:35:51Z
decode,Emerson,Style 1: EW 0201 44126H,^[E][W]\d{9}[H]$,"{""year"": {""positions"": {""start"": 5, ""end"": 6}}, ""week"": {""positions"": {""start"": 3, ""end"": 4}}}","[""EW020144126H""]","{""is_ambiguous"": true, ""notes"": ""Year not 4 digits""}",,,"Week of manufacture is 3rd-4th characters
Year of manufacture is 5th-6th characters",https://www.building-center.org/emerson-hvac-age/,2026-01-25T03:36:04Z
decode,Emerson,Style 2: 02J -60002,^\d{2}[J][A-Z0-9-]\d{5}$,"{""year"": {""positions"": {""start"": 1, ""end"": 2}}, ""month"": {""positions"": {""start"": 3, ""end"": 3}}}","[""02J-60002""]","{""is_ambiguous"": true, ""notes"": ""Year not 4 digits""}",,,"Year of manufacture is 1st-2nd characters
Month of manufacture is 3rd character (see chart)",https://www.building-center.org/emerson-hvac-age/,2026-01-25T03:36:04Z
decode,Emerson,Style 3: AS 298488006X,^[A][S]\d{9}[X]$,"{""year"": {""positions"": {""start"": 2, ""end"": 2}}, ""month"": {""positions"": {""start"": 1, ""end"": 1}}}","[""AS298488006X""]","{""is_ambiguous"": true, ""notes"": ""Year not 4 digits""}",,,"Month of manufacture is 1st character (see chart)
Year of manufacture is 2nd characters (see chart)",https://www.building-center.org/emerson-hvac-age/,2026-01-25T03:36:04Z
decode,Emerson,Style 4: AR M75812,^[A][R][M]\d{5}$,"{""year"": {""positions"": {""start"": 2, ""end"": 2}}, ""month"": {""positions"": {""start"": 1, ""end"": 1}}}","[""ARM75812""]","{""is_ambiguous"": true, ""notes"": ""Year not 4 digits""}",,,"Month of manufacture is 1st character (see chart)
Year of manufacture is 2nd characters (see chart)",https://www.building-center.org/emerson-hvac-age/,2026-01-25T03:36:04Z
decode,Fedders,Style 1: EW 02 01 44126H,^[E][W]\d{9}[H]$,"{""year"": {""positions"": {""start"": 5, ""end"": 6}}, ""week"": {""positions"": {""start"": 3, ""end"": 4}}}","[""EW020144126H""]","{""is_ambiguous"": true, ""notes"": ""Year not 4 digits""}",,,"Week of manufacture can be determined by using the 3 rd & 4 th positions of the serial number
Year of manufacture can be determined by using the 5 th & 6 th positions of the serial number",https://www.building-center.org/fedders-hvac-age/,2026-01-25T03:36:17Z
decode,Fedders,Style 2: 02 J -60002,^\d{2}[J][A-Z0-9-]\d{5}$,"{""year"": {""positions"": {""start"": 1, ""end"": 2}}, ""month"": {""positions"": {""start"": 3, ""end"": 3}}}","[""02J-60002""]","{""is_ambiguous"": true, ""notes"": ""Year not 4 digits""}",,,"Year of manufacture can be determined by using the 1 st & 2 nd positions of the serial number
Month of manufacture can be determined by using the 3 rd position of the serial number (See chart)",https://www.building-center.org/fedders-hvac-age/,2026-01-25T03:36:17Z
decode,Fedders,Style 3: A S 298488006X,^[A][S]\d{9}[X]$,"{""year"": {""positions"": {""start"": 2, ""end"": 2}}, ""month"": {""positions"": {""start"": 1, ""end"": 1}}}","[""AS298488006X""]","{""is_ambiguous"": true, ""notes"": ""Year not 4 digits""}",,,"Month of manufacture can be determined by using the 1 st position of the serial number (See chart)
Year of manufacture can be determined by using the 2 nd position of the serial number (See chart)",https://www.building-center.org/fedders-hvac-age/,2026-01-25T03:36:17Z
decode,Fedders,Style 4: A R M75812,^[A][R][M]\d{5}$,"{""year"": {""positions"": {""start"": 2, ""end"": 2}}, ""month"": {""positions"": {""start"": 1, ""end"": 1}}}","[""ARM75812""]","{""is_ambiguous"": true, ""notes"": ""Year not 4 digits""}",,,"Month of manufacture can be determined by using the 1 st position of the serial number (See chart)
Year of manufacture can be determined by using the 2 nd position of the serial number (See chart)",https://www.building-center.org/fedders-hvac-age/,2026-01-25T03:36:17Z
decode,FHP,Style 5: E G 013220D,^[E][G]\d{6}[D]$,"{""year"": {""positions"": {""start"": 1, ""end"": 1}}, ""month"": {""positions"": {""start"": 2, ""end"": 2}}}","[""EG013220D""]","{""is_ambiguous"": true, ""notes"": ""Year not 4 digits""}",,,"Year of manufacture can be determined by using the 1 st position of the serial number
Month of manufacture can be determined by using the 2 nd position of the serial number
This style was used from 19",https://www.building-center.org/fhp-hvac-age/,2026-01-25T03:36:18Z
decode,Goodman/Amana/Daikin,Style 1: 97 04 811080,^\d{10}$,"{""year"": {""positions"": {""start"": 1, ""end"": 2}}, ""month"": {""positions"": {""start"": 3, ""end"": 4}}}","[""9704811080""]","{""is_ambiguous"": true, ""notes"": ""Year not 4 digits""}",,,"Year of manufacture can be determined by using the 1 st & 2 nd positions of the serial number
Month of manufacture can be determined by using the 3 rd & 4 th positions of the serial number",https://www.building-center.org/goodman-hvac-age/,2026-01-25T03:36:35Z
decode,Haier,Style 2: AA5YW0E0200NK 7 4 W 0009,^[A]{2}\d[Y][W]\d[E]\d{4}[N][K]\d{2}[W]\d{4}$,"{""year"": {""positions"": {""start"": 14, ""end"": 14}}, ""month"": {""positions"": {""start"": 15, ""end"": 15}}, ""day"": {""positions"": {""start"": 16, ""end"": 16}}}","[""AA5YW0E0200NK74W0009""]","{""is_ambiguous"": true, ""notes"": ""Year not 4 digits""}",,,"This style uses 18 - 20 characters in the serial number
Year of manufacture can be determined by using the 14 th position of the serial number
Month of manufacture can be determined by using the 15 th",https://www.building-center.org/haier-hvac-age/,2026-01-25T03:36:41Z
decode,Haier,Style 3: C 12 08 A320E,^[C]\d{4}[A]\d{3}[E]$,"{""year"": {""positions"": {""start"": 2, ""end"": 3}}, ""month"": {""positions"": {""start"": 4, ""end"": 5}}}","[""C1208A320E""]","{""is_ambiguous"": true, ""notes"": ""Year not 4 digits""}",,,"This style uses 10 -or- 11 characters in the serial number
Year of manufacture can be determined by using the 2 nd & 3 rd positions (numbers) of the serial number
Month of manufacture can be determine",https://www.building-center.org/haier-hvac-age/,2026-01-25T03:36:41Z
decode,Heat Controller,Style 1: RSF 15 03 00183 (Nordyne style),^[R][S][F]\d{9}[N]$,"{""year"": {""positions"": {""start"": 4, ""end"": 5}}, ""month"": {""positions"": {""start"": 6, ""end"": 7}}}","[""RSF150300183N""]","{""is_ambiguous"": true, ""notes"": ""Year not 4 digits""}",,,"Year of manufacture can be determined by using the 4 th & 5 th positions of the serial number
Month of manufacture can be determined by using the 6 th & 7 th positions of the serial number
Note: The p",https://www.building-center.org/heat-controller-hvac-age/,2026-01-25T03:36:48Z
decode,Heat Controller,Style 2: EB5D302F 32 01 07830 (Rheem style),^[E][B]\d[D]\d{3}[F]\d{9}$,"{""year"": {""positions"": {""start"": 11, ""end"": 12}}, ""week"": {""positions"": {""start"": 9, ""end"": 10}}}","[""EB5D302F320107830""]","{""is_ambiguous"": true, ""notes"": ""Year not 4 digits""}",,,"Year of manufacture can be determined by using the 11 th & 12 th positions of the serial number
Week of manufacture can be determined by using the 9 th & 10 th positions of the serial number",https://www.building-center.org/heat-controller-hvac-age/,2026-01-25T03:36:48Z
decode,Heat Controller,Style 3: 08 04 237539 (Goodman style),^\d{10}$,"{""year"": {""positions"": {""start"": 1, ""end"": 2}}, ""month"": {""positions"": {""start"": 3, ""end"": 4}}}","[""0804237539""]","{""is_ambiguous"": true, ""notes"": ""Year not 4 digits""}",,,"Year of manufacture can be determined by using the 1 st & 2 nd positions of the serial number
Month of manufacture can be determined by using the 3 rd & 4 th positions of the serial number",https://www.building-center.org/heat-controller-hvac-age/,2026-01-25T03:36:48Z
decode,Heat Controller,Style 4: R 04 24 070098 (ICP style),^[R]\d{10}$,"{""year"": {""positions"": {""start"": 2, ""end"": 3}}, ""week"": {""positions"": {""start"": 4, ""end"": 5}}}","[""R0424070098""]","{""is_ambiguous"": true, ""notes"": ""Year not 4 digits""}",,,"Year of manufacture can be determined by using the 2 nd & 3 rd positions of the serial number
Week of manufacture can be determined by using the 4 th & 5 th positions of the serial number",https://www.building-center.org/heat-controller-hvac-age/,2026-01-25T03:36:48Z
decode,Hydro-Temp,Style 1: OEBDG96A,^[O][E][B][D][G]\d{2}[A]$,"{""year"": {""positions"": {""start"": 4, ""end"": 6}}}","[""OEBDG96A""]","{""is_ambiguous"": true, ""notes"": ""Year not 4 digits""}",,,Most manufacturers today are required to include the manufacture compliance standard on the data tag. For the U.S. the compliance standard is typically from the American National Standards Institute (,https://www.building-center.org/hydro-temp-hvac-age/,2026-01-25T03:36:52Z
guidance,HydroTherm,Style 1: UNKNOWN,,"{""year"": {""positions"": {""start"": 4, ""end"": 6}}}",[],"{""is_ambiguous"": true, ""notes"": ""No validated example serial for this style""}",pattern_no_example,"Using the ANSI or CSA standards to determine approximate Date of Manufacture.
Most manufacturers today are required to include the manufacture compliance standard on the data tag. For the U.S. the compliance standard is typically from the American National Standards Institute (ANSI). For Canada, a common standard compliance is through the Canada Standards Association Group (CSA). Many times both standards are listed. Regardless, the specific standard will normally be listed on the data tag/plate and followed by the YEAR of the last revision (often the year is placed in parenthesis or follows the hyphen after the specific standard number). As these standards are revised or renewed approximately every 4 to 6 years, one can reasonably estimate the year of manufacture within 4-6 years from (af","Using the ANSI or CSA standards to determine approximate Date of Manufacture.
Most manufacturers today are required to include the manufacture compliance standard on the data tag. For the U.S. the com",https://www.building-center.org/hydrotherm-hvac-age/,2026-01-25T03:36:53Z
decode,Carrier/ICP,Style 1: G 05 16 50885,^[G]\d{9}$,"{""year"": {""positions"": {""start"": 2, ""end"": 3}}, ""week"": {""positions"": {""start"": 4, ""end"": 5}}}","[""G051650885""]","{""is_ambiguous"": true, ""notes"": ""Year not 4 digits""}",,,"Year of manufacture can be determined by using the 2 nd & 3 rd positions of the serial number
Week of manufacture can be determined by using the 4 th & 5 th positions of the serial number
ICP® History",https://www.building-center.org/icp-commercial-hvac-age/,2026-01-25T03:37:00Z
decode,Ingersoll Rand,Style 1: 16 12 31231M,^\d{9}[M]$,"{""year"": {""positions"": {""start"": 1, ""end"": 2}}, ""week"": {""positions"": {""start"": 4, ""end"": 5}}}","[""161231231M""]","{""is_ambiguous"": true, ""notes"": ""Year not 4 digits""}",,,"Year of manufacture can be determined by using the 1 st & 2 nd positions of the serial number
Week of manufacture can be determined by using the 4 th & 5 th positions of the serial number
Ingersoll Ra",https://www.building-center.org/ingersoll-rand-hvac-age,2026-01-25T03:37:01Z
guidance,King,Style 1: UNKNOWN,,"{""year"": {""positions"": {""start"": 4, ""end"": 6}}}",[],"{""is_ambiguous"": true, ""notes"": ""No validated example serial for this style""}",pattern_no_example,"Using the ANSI or CSA standards to determine approximate Date of Manufacture.
Most manufacturers today are required to include the manufacture compliance standard on the data tag. For the U.S. the compliance standard is typically from the American National Standards Institute (ANSI). For Canada, a common standard compliance is through the Canada Standards Association Group (CSA). Many times both standards are listed. Regardless, the specific standard will normally be listed on the data tag/plate and followed by the YEAR of the last revision (often the year is placed in parenthesis or follows the hyphen after the specific standard number). As these standards are revised or renewed approximately every 4 to 6 years, one can reasonably estimate the year of manufacture within 4-6 years from (af","Using the ANSI or CSA standards to determine approximate Date of Manufacture.
Most manufacturers today are required to include the manufacture compliance standard on the data tag. For the U.S. the com",https://www.building-center.org/king-hvac-age/,2026-01-25T03:37:12Z
guidance,Koldwave,Style 1: UNKNOWN,,"{""year"": {""positions"": {""start"": 4, ""end"": 6}}}",[],"{""is_ambiguous"": true, ""notes"": ""No validated example serial for this style""}",pattern_no_example,"Using the ANSI or CSA standards to determine approximate Date of Manufacture.
Most manufacturers today are required to include the manufacture compliance standard on the data tag. For the U.S. the compliance standard is typically from the American National Standards Institute (ANSI). For Canada, a common standard compliance is through the Canada Standards Association Group (CSA). Many times both standards are listed. Regardless, the specific standard will normally be listed on the data tag/plate and followed by the YEAR of the last revision (often the year is placed in parenthesis or follows the hyphen after the specific standard number). As these standards are revised or renewed approximately every 4 to 6 years, one can reasonably estimate the year of manufacture within 4-6 years from (af","Using the ANSI or CSA standards to determine approximate Date of Manufacture.
Most manufacturers today are required to include the manufacture compliance standard on the data tag. For the U.S. the com",https://www.building-center.org/koldwave-hvac-age/,2026-01-25T03:37:15Z
decode,Lennox,Style 2: 72 4 -or- 65 12 (Style used prior to 1973),"^[A-Z0-9]{6,16}$","{""year"": {""positions"": {""start"": 1, ""end"": 2}}, ""month"": {""positions"": {""start"": 3, ""end"": 4}}}","[""6512STYLEUSEDPRI"", ""TO1973""]","{""is_ambiguous"": true, ""notes"": ""Year not 4 digits""}",,,"Year of manufacture can be determined by using the 1 st & 2 nd positions of the serial number
Month of manufacture can be determined by using the 3 rd -or- 3 rd & 4 th position(s) of the serial number",https://www.building-center.org/lennox-hvac-age/,2026-01-25T03:37:21Z
decode,LG,Style 1: 4 07 HAVN79423 -or- 2 07 KRMK0Y171,^\d{3}[HK][AR][MV][KN]\d[A-Z0-9]\d{3}$,"{""year"": {""positions"": {""start"": 1, ""end"": 1}}, ""month"": {""positions"": {""start"": 2, ""end"": 3}}}","[""207KRMK0Y171"", ""407HAVN79423""]","{""is_ambiguous"": true, ""notes"": ""Year not 4 digits""}",,,"Year of manufacture can be determined by using the 1 st position of the serial number
Note that the decade is not distinguished. One must look for other cues to determine the decade. (HINT - Some unit",https://www.building-center.org/lg-hvac-age/,2026-01-25T03:37:22Z
guidance,L.J. Wing,Style 1: UNKNOWN,,"{""year"": {""positions"": {""start"": 4, ""end"": 6}}}",[],"{""is_ambiguous"": true, ""notes"": ""No validated example serial for this style""}",pattern_no_example,"Using the ANSI or CSA standards to determine approximate Date of Manufacture.
Most manufacturers today are required to include the manufacture compliance standard on the data tag. For the U.S. the compliance standard is typically from the American National Standards Institute (ANSI). For Canada, a common standard compliance is through the Canada Standards Association Group (CSA). Many times both standards are listed. Regardless, the specific standard will normally be listed on the data tag/plate and followed by the YEAR of the last revision (often the year is placed in parenthesis or follows the hyphen after the specific standard number). As these standards are revised or renewed approximately every 4 to 6 years, one can reasonably estimate the year of manufacture within 4-6 years from (af","Using the ANSI or CSA standards to determine approximate Date of Manufacture.
Most manufacturers today are required to include the manufacture compliance standard on the data tag. For the U.S. the com",https://www.building-center.org/lj-wing-hvac-age/,2026-01-25T03:37:25Z
decode,Lum & Abner,Style 1: J867-5309F,^[J]\d{3}[A-Z0-9-]\d{4}[F]$,"{""year"": {""positions"": {""start"": 2, ""end"": 2}}}","[""J867-5309F""]","{""is_ambiguous"": true, ""notes"": ""Year not 4 digits""}",,,"The year of manufacture is coded in the 2nd digit of the serial number.
Note: MUST USE the model type (first letter of serial number) to estimate decade of production.
The First letter(s) of the seria",https://www.building-center.org/lum-abner-hvac-age/,2026-01-25T03:37:27Z
decode,Maximum,Style 2: 89670,^\d[T][O]\d[Y][E][A][R][S]$,"{""year"": {""positions"": {""start"": 4, ""end"": 6}}}","[""4TO6YEARS""]","{""is_ambiguous"": true, ""notes"": ""Year not 4 digits""}",,,"Using the ANSI or CSA standards to determine approximate Date of Manufacture.
Most manufacturers today are required to include the manufacture compliance standard on the data tag. For the U.S. the com",https://www.building-center.org/maximum-hvac-age/,2026-01-25T03:37:40Z
decode,Maytag,Style 1: FGA 0303 10579,^[F][G][A]\d{9}$,"{""year"": {""positions"": {""start"": 4, ""end"": 5}}, ""month"": {""positions"": {""start"": 6, ""end"": 7}}}","[""FGA030310579""]","{""is_ambiguous"": true, ""notes"": ""Year not 4 digits""}",,,"Description: Twelve (12) character serial number.  Begins with three (3) letter digits followed by nine (9) numerical digits.
Year of manufacture is 4th & 5th numerical digits combined.
Month of manuf",https://www.building-center.org/maytag-hvac-age/,2026-01-25T03:37:39Z
decode,Maytag,Style 2: G6R 9905 -05028,^[G]\d[R]\d{4}[A-Z0-9-]\d{5}$,"{""year"": {""positions"": {""start"": 4, ""end"": 5}}, ""month"": {""positions"": {""start"": 6, ""end"": 7}}}","[""G6R9905-05028""]","{""is_ambiguous"": true, ""notes"": ""Year not 4 digits""}",,,"Description:  Twelve (12) character serial number.  Begins with a single letter, followed by a single number, then another single letter and ends with four numerical digits, followed by a dash (-) and",https://www.building-center.org/maytag-hvac-age/,2026-01-25T03:37:39Z
guidance,Mitsubishi,Notes,,{},[],"{""is_ambiguous"": true, ""notes"": ""No deterministic decode rule provided""}",contact_manufacturer,"IF your serial number is not represented in our sample styles, you MUST contact the manufacturer for further assistance in determining the age of the unit!!! Style 1: 8 9 D00488D  -or- 8 X D00488D Style 2: 8 001637 T Legend: Year is RED ;  Month is GREEN ; Week is BLUE","IF your serial number is not represented in our sample styles, you MUST contact the manufacturer for further assistance in determining the age of the unit!!! Style 1: 8 9 D00488D  -or- 8 X D00488D Sty",https://www.building-center.org/mitsubishi-hvac-age/,2026-01-25T03:37:48Z
decode,Modine,Style 2: 2001 08 AKG26241,^\d{6}[A][K][G]\d{5}$,"{""year"": {""positions"": {""start"": 1, ""end"": 4}}, ""month"": {""positions"": {""start"": 5, ""end"": 6}}}","[""200108AKG26241""]","{""is_ambiguous"": false, ""notes"": """"}",,,"Description: Fourteen (14) character Serial number begins with six (6) numerical digits followed by three (3) letters and ends with five (5) numerical digits.
Year of manufacture is 1st-4th numerical ",https://www.building-center.org/modine-hvac-age/,2026-01-25T03:37:49Z
decode,Modine,Style 3: 97 J KGK153,^\d{2}[J][K][G][K]\d{3}$,"{""year"": {""positions"": {""start"": 1, ""end"": 2}}, ""month"": {""positions"": {""start"": 3, ""end"": 3}}}","[""97JKGK153""]","{""is_ambiguous"": true, ""notes"": ""Year not 4 digits""}",,,"Description: Nine (9) character Serial number begins with two (2) numerical digits followed by five (5) letters and ends with three (3) numerical digits.
Year of manufacture is 1st-2nd numerical digit",https://www.building-center.org/modine-hvac-age/,2026-01-25T03:37:49Z
decode,Modine,Style 4: AKEC0 87 01,^[A][K][E][C]\d{5}$,"{""year"": {""positions"": {""start"": 6, ""end"": 7}}, ""month"": {""positions"": {""start"": 8, ""end"": 9}}}","[""AKEC08701""]","{""is_ambiguous"": true, ""notes"": ""Year not 4 digits""}",,,"Description: Nine (9) character Serial number begins with four (4) letters followed by five (5) numerical digits.
Year of manufacture is 6th-7th numerical digits
Month of manufacture is 8th-9th numeri",https://www.building-center.org/modine-hvac-age/,2026-01-25T03:37:49Z
decode,MRCOOL,Style 1: 19 20 K08283,^\d{4}[K]\d{5}$,"{""year"": {""positions_list"": [3, 4]}, ""week"": {""positions_list"": [1, 2]}}","[""1920K08283""]","{""is_ambiguous"": true, ""notes"": ""Year not 4 digits""}",,,"Year of manufacture can be determined by using the 3 rd and 4 th positions of the serial number
Week of manufacture can be determined by using the 1 st and 2 nd positions of the serial number
CAUTION!",https://www.building-center.org/mrcool-hvac-age/,2026-01-25T03:37:52Z
decode,MRCOOL,Style 2: 24021358902 6 7 23 0130069 -or- 24025312204 6 A 20 0150045,^\d{12}[A-Z0-9]\d{9}$,"{""year"": {""positions"": {""start"": 12, ""end"": 12}}, ""month"": {""positions"": {""start"": 1, ""end"": 9}}, ""day"": {""positions_list"": [14, 15]}}","[""2402135890267230130069"", ""240253122046A200150045""]","{""is_ambiguous"": true, ""notes"": ""Year not 4 digits""}",,,"This style contains 22-digits. The date code is 12 th thru 15 th positions.
Year of manufacture can be determined by using the 12 th position of the serial number (decade presumed 2010's)
Month of man",https://www.building-center.org/mrcool-hvac-age/,2026-01-25T03:37:52Z
decode,National Comfort Products,Style 1: 2 47 3 0347 -or- 3 52 A 6478 (style used since 2003),^\d{3}[A-Z0-9]\d{4}$,"{""year"": {""positions"": {""start"": 2, ""end"": 3}}, ""month"": {""positions"": {""start"": 4, ""end"": 4}}}","[""24730347"", ""352A6478""]","{""is_ambiguous"": true, ""notes"": ""Year not 4 digits""}",,,"Year of manufacture can be determined by using the 2 nd & 3 rd positions of the serial number  (see chart)
Month of manufacture can be determined by using the 4 th position of the serial number (see c",https://www.building-center.org/national-comfort-products-hvac-age/,2026-01-25T03:37:53Z
decode,National Comfort Products,Style 2: 2 32 2 1112 -or- 2 36 C 7591 (style used from 9/30/1998 to 2002),^\d{3}[A-Z0-9]\d{4}$,"{""year"": {""positions"": {""start"": 2, ""end"": 3}}, ""month"": {""positions"": {""start"": 4, ""end"": 4}}}","[""23221112"", ""236C7591""]","{""is_ambiguous"": true, ""notes"": ""Year not 4 digits""}",,,"Year of manufacture can be determined by using the 2 nd & 3 rd positions of the serial number  (see chart)
Month of manufacture can be determined by using the 4 th position of the serial number (see c",https://www.building-center.org/national-comfort-products-hvac-age/,2026-01-25T03:37:53Z
decode,National Comfort Products,Style 3: B 98 B 1112 (style used prior to 9/30/1998),"^[A-Z0-9]{9,20}$","{""year"": {""positions"": {""start"": 2, ""end"": 3}}, ""month"": {""positions"": {""start"": 4, ""end"": 4}}}","[""B98B1112STYLEUSEDPRI"", ""TO9301998""]","{""is_ambiguous"": true, ""notes"": ""Year not 4 digits""}",,,"Year of manufacture can be determined by using the 2 nd & 3 rd positions of the serial number
Month of manufacture can be determined by using the 4 th position of the serial number (see chart)
Nationa",https://www.building-center.org/national-comfort-products-hvac-age/,2026-01-25T03:37:53Z
decode,Thermal Zone,Style 1: GBB 03 07 08229,^[G][B]{2}\d{9}$,"{""year"": {""positions"": {""start"": 4, ""end"": 5}}, ""month"": {""positions"": {""start"": 6, ""end"": 7}}}","[""GBB030708229""]","{""is_ambiguous"": true, ""notes"": ""Year not 4 digits""}",,,"Year of manufacture can be determined by using the 4 th & 5 th positions of the serial number
Month of manufacture can be determined by using the 6 th & 7 th positions of the serial number
Note: This ",https://www.building-center.org/nordyne-hvac-age/,2026-01-25T03:37:58Z
decode,Rheem/Ruud,Style 1: W 29 10 13412,^[W]\d{9}$,"{""year"": {""positions"": {""start"": 4, ""end"": 5}}, ""week"": {""positions"": {""start"": 2, ""end"": 3}}}","[""W291013412""]","{""is_ambiguous"": true, ""notes"": ""Year not 4 digits""}",,,"Year of manufacture can be determined by using the 4 th & 5 th positions of the serial number
Week of manufacture can be determined by using the 2 nd & 3 rd positions of the serial number",https://www.building-center.org/rheem-hvac-age/,2026-01-25T03:38:31Z
decode,Rheem/Ruud,Style 5: 08 04 B10488,^\d{4}[B]\d{5}$,"{""year"": {""positions"": {""start"": 3, ""end"": 4}}, ""month"": {""positions"": {""start"": 1, ""end"": 2}}}","[""0804B10488""]","{""is_ambiguous"": true, ""notes"": ""Year not 4 digits""}",,,"Year of manufacture can be determined by using the 3 rd & 4 th positions of the serial number
Month of manufacture can be determined by using the 1st & 2nd positions of the serial number
Note: This is",https://www.building-center.org/rheem-hvac-age/,2026-01-25T03:38:31Z
decode,Rheem/Ruud,Style 1: W 29 10 13412,^[W]\d{9}$,"{""year"": {""positions"": {""start"": 4, ""end"": 5}}, ""week"": {""positions"": {""start"": 2, ""end"": 3}}}","[""W291013412""]","{""is_ambiguous"": true, ""notes"": ""Year not 4 digits""}",,,"Year of manufacture can be determined by using the 4 th & 5 th positions of the serial number
Week of manufacture can be determined by using the 2 nd & 3 rd positions of the serial number",https://www.building-center.org/ruud-hvac-age/,2026-01-25T03:38:37Z
decode,Rheem/Ruud,Style 5: 08 04 B10488,^\d{4}[B]\d{5}$,"{""year"": {""positions"": {""start"": 3, ""end"": 4}}, ""month"": {""positions"": {""start"": 1, ""end"": 2}}}","[""0804B10488""]","{""is_ambiguous"": true, ""notes"": ""Year not 4 digits""}",,,"Year of manufacture can be determined by using the 3 rd & 4 th positions of the serial number
Month of manufacture can be determined by using the 1st & 2nd positions of the serial number
Note: This is",https://www.building-center.org/ruud-hvac-age/,2026-01-25T03:38:37Z
decode,Semco,Style 1: 35958M 0220 3301,^\d{5}[M]\d{8}$,"{""year"": {""positions"": {""start"": 4, ""end"": 6}}}","[""35958M02203301""]","{""is_ambiguous"": true, ""notes"": ""Year not 4 digits""}",,,"Using the ANSI or CSA standards to determine approximate Date of Manufacture.
Most manufacturers today are required to include the manufacture compliance standard on the data tag. For the U.S. the com",https://www.building-center.org/semco-hvac-age/,2026-01-25T03:38:43Z
guidance,Temprite,Style 1: UNKNOWN,,"{""year"": {""positions"": {""start"": 4, ""end"": 6}}}",[],"{""is_ambiguous"": true, ""notes"": ""No validated example serial for this style""}",pattern_no_example,"Using the ANSI or CSA standards to determine approximate Date of Manufacture.
Most manufacturers today are required to include the manufacture compliance standard on the data tag. For the U.S. the compliance standard is typically from the American National Standards Institute (ANSI). For Canada, a common standard compliance is through the Canada Standards Association Group (CSA). Many times both standards are listed. Regardless, the specific standard will normally be listed on the data tag/plate and followed by the YEAR of the last revision (often the year is placed in parenthesis or follows the hyphen after the specific standard number). As these standards are revised or renewed approximately every 4 to 6 years, one can reasonably estimate the year of manufacture within 4-6 years from (af","Using the ANSI or CSA standards to determine approximate Date of Manufacture.
Most manufacturers today are required to include the manufacture compliance standard on the data tag. For the U.S. the com",https://www.building-center.org/temprite-hvac-age/,2026-01-25T03:39:09Z
decode,TempTek,Style 2: 76507,^\d[T][O]\d[Y][E][A][R][S]$,"{""year"": {""positions"": {""start"": 4, ""end"": 6}}}","[""4TO6YEARS""]","{""is_ambiguous"": true, ""notes"": ""Year not 4 digits""}",,,"Using the ANSI or CSA standards to determine approximate Date of Manufacture.
Most manufacturers today are required to include the manufacture compliance standard on the data tag. For the U.S. the com",https://www.building-center.org/temptek-hvac-age/,2026-01-25T03:39:11Z
decode,Unico,Style 1: 06 03 A184624,^\d{4}[A]\d{6}$,"{""year"": {""positions"": {""start"": 1, ""end"": 2}}, ""month"": {""positions"": {""start"": 4, ""end"": 5}}}","[""0603A184624""]","{""is_ambiguous"": true, ""notes"": ""Year not 4 digits""}",,,"Year of manufacture can be determined by using the 1 st & 2 nd positions of the serial number
Month of manufacture can be determined by using the 4 th & 5 th positions of the serial number
Thank you t",https://www.building-center.org/the-unico-system-hvac-age/,2026-01-25T03:39:18Z
guidance,ThermaQuiet,Style 1: UNKNOWN,,"{""year"": {""positions"": {""start"": 4, ""end"": 6}}}",[],"{""is_ambiguous"": true, ""notes"": ""No validated example serial for this style""}",pattern_no_example,"Using the ANSI or CSA standards to determine approximate Date of Manufacture.
Most manufacturers today are required to include the manufacture compliance standard on the data tag. For the U.S. the compliance standard is typically from the American National Standards Institute (ANSI). For Canada, a common standard compliance is through the Canada Standards Association Group (CSA). Many times both standards are listed. Regardless, the specific standard will normally be listed on the data tag/plate and followed by the YEAR of the last revision (often the year is placed in parenthesis or follows the hyphen after the specific standard number). As these standards are revised or renewed approximately every 4 to 6 years, one can reasonably estimate the year of manufacture within 4-6 years from (af","Using the ANSI or CSA standards to determine approximate Date of Manufacture.
Most manufacturers today are required to include the manufacture compliance standard on the data tag. For the U.S. the com",https://www.building-center.org/thermaquiet-hvac-age/,2026-01-25T03:39:15Z
decode,Titan Air,Style 2: 89670,^\d[T][O]\d[Y][E][A][R][S]$,"{""year"": {""positions"": {""start"": 4, ""end"": 6}}}","[""4TO6YEARS""]","{""is_ambiguous"": true, ""notes"": ""Year not 4 digits""}",,,"Using the ANSI or CSA standards to determine approximate Date of Manufacture.
Most manufacturers today are required to include the manufacture compliance standard on the data tag. For the U.S. the com",https://www.building-center.org/titan-air-hvac-age/,2026-01-25T03:39:20Z
decode,Trane,Style 1: 9 15 31S41F or 10 16 1KEDAA or 13 03 13596L,"^[A-Z0-9]{9,10}$","{""year"": {""positions"": {""start"": 1, ""end"": 1}}}","[""10161KEDAA"", ""130313596L"", ""91531S41F""]","{""is_ambiguous"": true, ""notes"": ""Year not 4 digits""}",,,"This Trane (American Standard) style began use in 2002 . It consists of at least 3 or 4 digits at the beginning of the serial number.
From 2002 to 2009:
Year of manufacture can be determined by using ",https://www.building-center.org/trane-hvac-age/,2026-01-25T03:39:21Z
decode,Trane,Style 3: A 92 M 07217,^[A]\d{2}[M]\d{5}$,"{""year"": {""positions"": {""start"": 2, ""end"": 3}}}","[""A92M07217""]","{""is_ambiguous"": true, ""notes"": ""Year not 4 digits""}",,,"Year of manufacture can be determined by using the 2 nd & 3 rd positions of the serial number
Month of manufacture can be determined by using the 4 th position of the serial number (months 1 through 1",https://www.building-center.org/trane-hvac-age/,2026-01-25T03:39:21Z
guidance,Vulcan,Style 1: UNKNOWN,,"{""year"": {""positions"": {""start"": 4, ""end"": 6}}}",[],"{""is_ambiguous"": true, ""notes"": ""No validated example serial for this style""}",pattern_no_example,"Using the ANSI or CSA standards to determine approximate Date of Manufacture.
Most manufacturers today are required to include the manufacture compliance standard on the data tag. For the U.S. the compliance standard is typically from the American National Standards Institute (ANSI). For Canada, a common standard compliance is through the Canada Standards Association Group (CSA). Many times both standards are listed. Regardless, the specific standard will normally be listed on the data tag/plate and followed by the YEAR of the last revision (often the year is placed in parenthesis or follows the hyphen after the specific standard number). As these standards are revised or renewed approximately every 4 to 6 years, one can reasonably estimate the year of manufacture within 4-6 years from (af","Using the ANSI or CSA standards to determine approximate Date of Manufacture.
Most manufacturers today are required to include the manufacture compliance standard on the data tag. For the U.S. the com",https://www.building-center.org/vulcan-hvac-age/,2026-01-25T03:39:38Z
decode,WaterFurnace,Style 1: 18 01 00228,^\d{9}$,"{""year"": {""positions"": {""start"": 1, ""end"": 2}}, ""month"": {""positions"": {""start"": 4, ""end"": 5}}}","[""180100228""]","{""is_ambiguous"": true, ""notes"": ""Year not 4 digits""}",,,"Note: This is believed to be the current styling as of at least 2012
Year of manufacture can be determined by using the 1 st & 2 nd positions of the serial number
Month of manufacture can be determine",https://www.building-center.org/waterfurnace-hvac-age/,2026-01-25T03:39:39Z
decode,WaterFurnace,Style 2: U J 1087,^[U][J]\d{4}$,"{""year"": {""positions"": {""start"": 1, ""end"": 1}}, ""month"": {""positions"": {""start"": 2, ""end"": 2}}}","[""UJ1087""]","{""is_ambiguous"": true, ""notes"": ""Year not 4 digits""}",,,"Note: This style used from 1985 to 2012
Year of manufacture can be determined by using the 1 st position of the serial number (see chart)
Month of manufacture can be determined by using the 2 nd posit",https://www.building-center.org/waterfurnace-hvac-age/,2026-01-25T03:39:39Z
decode,WaterFurnace,Style 3: D 83 67019,^[D]\d{7}$,"{""year"": {""positions"": {""start"": 2, ""end"": 3}}, ""month"": {""positions"": {""start"": 1, ""end"": 1}}}","[""D8367019""]","{""is_ambiguous"": true, ""notes"": ""Year not 4 digits""}",,,"Note: This style used prior to 1985
Year of manufacture can be determined by using the 2 nd & 3 rd positions of the serial number
Month of manufacture can be determined by using the 1 st position of t",https://www.building-center.org/waterfurnace-hvac-age/,2026-01-25T03:39:39Z
decode,Weatherking,Style 1: W 29 10 13412 (Rheem style),^[W]\d{9}$,"{""year"": {""positions"": {""start"": 4, ""end"": 5}}, ""week"": {""positions"": {""start"": 2, ""end"": 3}}}","[""W291013412""]","{""is_ambiguous"": true, ""notes"": ""Year not 4 digits""}",,,"Year of manufacture can be determined by using the 4 th & 5 th positions of the serial number
Week of manufacture can be determined by using the 2 nd & 3 rd positions of the serial number",https://www.building-center.org/weatherking-hvac-age/,2026-01-25T03:39:40Z
decode,Weatherking,Style 5: 2 86 07 168189 (Addison style pre-1990 ),^\d{11}$,"{""year"": {""positions"": {""start"": 2, ""end"": 3}}, ""month"": {""positions"": {""start"": 4, ""end"": 5}}}","[""28607168189""]","{""is_ambiguous"": true, ""notes"": ""Year not 4 digits""}",,,"Year of manufacture can be determined by using the 2 nd & 3 rd positions of the serial number
Month of manufacture can be determined by using the 4 th & 5 th positions of the serial number
Note: This ",https://www.building-center.org/weatherking-hvac-age/,2026-01-25T03:39:40Z
decode,Weatherking,Style 6: 00 99 20304091 (Addison style post-1990),^\d{12}$,"{""year"": {""positions"": {""start"": 3, ""end"": 4}}}","[""009920304091""]","{""is_ambiguous"": true, ""notes"": ""Year not 4 digits""}",,,"Year of manufacture can be determined by using the 3 rd & 4 th digits of the serial number
Note: This is a post-1990's style from Addison Products.
WeatherKing® History¹
Originally established as Weat",https://www.building-center.org/weatherking-hvac-age/,2026-01-25T03:39:40Z
decode,Worcester,Style 2: 253000- 08065 -00040-77470007354,^\d{6}[A-Z0-9-]\d{5}[A-Z0-9-]\d{5}[A-Z0-9-]\d{11}$,"{""year"": {""positions"": {""start"": 1, ""end"": 2}}, ""day"": {""positions"": {""start"": 2, ""end"": 2}}}","[""253000-08065-00040-77470007354""]","{""is_ambiguous"": true, ""notes"": ""Year not 4 digits""}",,,"The Year of Manufacture can be determined by using the 1st & 2nd numerical digit of the 2nd series of digits.
The Day of Manufacture can be determined by using the last three digits of the 2nd series ",https://www.building-center.org/worcester-hvac-age/,2026-01-25T03:39:48Z
decode,York/JCI,Style 2: W A K M011379,^[W][A][K][M]\d{6}$,"{""year"": {""positions"": {""start"": 3, ""end"": 3}}, ""month"": {""positions"": {""start"": 2, ""end"": 2}}}","[""WAKM011379""]","{""is_ambiguous"": true, ""notes"": ""Year not 4 digits""}",,,"Style used from 1971 to 2004
Year of manufacture can be determined by using the 3 rd position of the serial number (see chart)
Month of manufacture can be determined by using the 2 nd position of the ",https://www.building-center.org/york-hvac-age/,2026-01-25T03:39:30Z
decode,Zoneline,Style 1: ZT N730A100AC,^[Z][T][N]\d{3}[A]\d{3}[A][C]$,"{""year"": {""positions"": {""start"": 4, ""end"": 6}}}","[""ZTN730A100AC""]","{""is_ambiguous"": true, ""notes"": ""Year not 4 digits""}",,,"Using the ANSI or CSA standards to determine approximate Date of Manufacture.
Most manufacturers today are required to include the manufacture compliance standard on the data tag. For the U.S. the com",https://www.building-center.org/zoneline-hvac-age/,2026-01-25T03:39:50Z
