rule_type,brand,model_regex,attribute_name,value_extraction,units,examples,limitations,guidance_action,guidance_text,evidence_excerpt,source_url,retrieved_on,image_urls
guidance,AIRE FLOW,,ModelNomenclature,{},,[],Model decoder content is in an image/PDF; OCR or manual transcription required for deterministic attributes.,chart_required,"Model nomenclature requires image/PDF review. References: https://www.building-center.org/wp-content/uploads/2024/09/lennox_model_and_serial_nomenclature.pdf, //www.building-center.org/wp-content/uploads/2023/10/New-BiC-Logo-2023-12.png, https://www.building-center.org/wp-content/uploads/2024/09/Screenshot-2024-09-20-102356.png","Aire-Flow Tonnage Decoder | Building Intelligence Center Navigation Home What’s New ! Aire-Flo Tonnage Decoder (Lennox Brand) * Please download the PDF for a complete guide to decoding tonnage for all Aire-Flo Equipment. * Click Here Aire-Flo is part of Lennox Brands, and is decoded the same. All Lennox products are set up with a systematic coding system for both model numbers and serial numbers. Unit model number (including any dash numbers) and serial number must always be used when referring a problem to Lennox in regard to repair parts, literature, wiring diagrams, etc. Use of proper unit ",https://www.building-center.org/aire-flow-tonnage-decoder/,2026-01-25T03:39:51Z,"[""//www.building-center.org/wp-content/uploads/2023/10/New-BiC-Logo-2023-12.png"", ""https://www.building-center.org/wp-content/uploads/2024/09/Screenshot-2024-09-20-102356.png""]"
guidance,AIRE FLOW,,NominalCapacityTons,{},Tons,[],Model decoder text did not include a deterministic extraction rule.,chart_required,"Aire-Flow Tonnage Decoder | Building Intelligence Center
Navigation
Home
What’s New !
Aire-Flo Tonnage Decoder (Lennox Brand)
* Please download the PDF for a complete guide to decoding tonnage for all Aire-Flo
Equipment. *
Click Here
Aire-Flo is part of Lennox Brands, and is decoded the same.
All Lennox products are set up with a systematic coding system for both model numbers and serial numbers. Unit model number (including any dash numbers) and serial number must always be used when referring a problem to Lennox in regard to repair parts, literature, wiring diagrams, etc. Use of proper unit identification numbers and serial numbers will greatly help in expediting any material required for these products.
The sequence of letters and digits in the Lennox model number reflects specific info References: https://www.building-center.org/wp-content/uploads/2024/09/lennox_model_and_serial_nome","Aire-Flow Tonnage Decoder | Building Intelligence Center Navigation Home What’s New ! Aire-Flo Tonnage Decoder (Lennox Brand) * Please download the PDF for a complete guide to decoding tonnage for all Aire-Flo Equipment. * Click Here Aire-Flo is part of Lennox Brands, and is decoded the same. All Lennox products are set up with a systematic coding system for both model numbers and serial numbers. Unit model number (including any dash numbers) and serial number must always be used when referring a problem to Lennox in regard to repair parts, literature, wiring diagrams, etc. Use of proper unit ",https://www.building-center.org/aire-flow-tonnage-decoder/,2026-01-25T03:39:51Z,"[""//www.building-center.org/wp-content/uploads/2023/10/New-BiC-Logo-2023-12.png"", ""https://www.building-center.org/wp-content/uploads/2024/09/Screenshot-2024-09-20-102356.png""]"
decode,AIREASE,,NominalCapacityTons,"{""data_type"": ""Number"", ""positions"": {""start"": 7, ""end"": 8}, ""mapping"": {""18"": 1.5, ""24"": 2.0, ""30"": 2.5, ""36"": 3.0, ""42"": 3.5, ""48"": 4.0, ""60"": 5.0}}",Tons,"[""4AC13L"", ""7THAND8THDIGITS""]",,,,Airease Tonnage Decoder | Building Intelligence Center Navigation Home What’s New ! AireaseTonnage Decoder You can determine the tonnage of all current Airease HVAC systems by finding the 7th and 8th Digits in the model number. An example would be: 4AC13L 48 P7A Click Here to visit the Airease Website for more info. The Tonnage Chart is provided Below. 18 = 1.5 tons 24 = 2 tons 30 = 2.5 tons 36 = 3 tons 42 = 3.5 tons 48 = 4 tons 60 = 5 tons Welcome Indexes Business Directory,https://www.building-center.org/airease-tonnage-decoder/,2026-01-25T03:39:50Z,"[""//www.building-center.org/wp-content/uploads/2023/10/New-BiC-Logo-2023-12.png"", ""https://www.building-center.org/wp-content/uploads/2024/10/Screenshot-2024-10-02-204004.png""]"
decode,AIRQUEST,,NominalCapacityCode,"{""data_type"": ""Text"", ""positions"": {""start"": 7, ""end"": 8}}",,"[""24ACC3"", ""7THAND8THDIGITS""]",Extracts the capacity code only; no deterministic tons transform provided on the page.,,,"Airquest Tonnage Decoder | Building Intelligence Center Navigation Home What’s New ! Airquest Tonnage Decoder International Comfort Products manufactures multiple brands including Carrier, Heil, Bryant, Tempstar, Airquest, Arcoaire, and Day & Night. All ICP brand products are set up with a systematic coding system for both model numbers and serial numbers. Unit model number (including any dash numbers) and serial number must always be used when referring a problem to ICP in regard to repair parts, literature, wiring diagrams, etc. Use of proper unit identification numbers and serial numbers wi",https://www.building-center.org/airquest-tonnage-decoder/,2026-01-25T03:39:53Z,"[""//www.building-center.org/wp-content/uploads/2023/10/New-BiC-Logo-2023-12.png"", ""https://www.building-center.org/wp-content/uploads/2024/10/100_0006.jpg"", ""https://www.building-center.org/wp-content/uploads/2024/10/Screenshot-2024-10-28-143212.png""]"
guidance,AMANA,,ModelNomenclature,{},,[],Model decoder content is in an image/PDF; OCR or manual transcription required for deterministic attributes.,chart_required,"Model nomenclature requires image/PDF review. References: //www.building-center.org/wp-content/uploads/2023/10/New-BiC-Logo-2023-12.png, https://www.building-center.org/wp-content/uploads/2024/10/Screenshot-2024-10-24-155137.png","Amana Tonnage Decoder | Building Intelligence Center Navigation Home What’s New ! Amana Tonnage Decoder Determining the Tonnage and Seer ratings for Amana products can be broken down by referencing the model number. Tons is generally expressed in the 7-8 digits of the model number for most current split systems. Amana is part of the Goodman and Dakin brands and uses the same nomenclature. All models will have a different location for tonnage. Please use the link to locate the specific model number and clicking on the link. Click the link below to go to the Goodman site, and break down your spe",https://www.building-center.org/amana-tonnage-decoder/,2026-01-25T03:39:53Z,"[""//www.building-center.org/wp-content/uploads/2023/10/New-BiC-Logo-2023-12.png"", ""https://www.building-center.org/wp-content/uploads/2024/10/Screenshot-2024-10-24-155137.png""]"
guidance,AMANA,,NominalCapacityTons,{},Tons,[],Model decoder text did not include a deterministic extraction rule.,chart_required,"Amana Tonnage Decoder | Building Intelligence Center
Navigation
Home
What’s New !
Amana Tonnage Decoder
Determining the Tonnage and Seer ratings for Amana products can be broken down by referencing the model number. Tons is generally expressed in the 7-8 digits of the model number for most current split systems. Amana is part of the Goodman and Dakin brands and uses the same nomenclature.
All models will have a different location for tonnage. Please use the link to locate the specific model number and clicking on the link.
Click the link below to go to the Goodman site, and break down your specific model number and tonnage.
The first 3 numerical digits in the model number will designate the type of equipment. I..E.  ASX...
https://www.goodmanmfg.com/support/literature-library#undefined
Wel References: //www.building-center.org/wp-content/uploads/2023/10/New-BiC-Logo-2023-12.png, https://","Amana Tonnage Decoder | Building Intelligence Center Navigation Home What’s New ! Amana Tonnage Decoder Determining the Tonnage and Seer ratings for Amana products can be broken down by referencing the model number. Tons is generally expressed in the 7-8 digits of the model number for most current split systems. Amana is part of the Goodman and Dakin brands and uses the same nomenclature. All models will have a different location for tonnage. Please use the link to locate the specific model number and clicking on the link. Click the link below to go to the Goodman site, and break down your spe",https://www.building-center.org/amana-tonnage-decoder/,2026-01-25T03:39:53Z,"[""//www.building-center.org/wp-content/uploads/2023/10/New-BiC-Logo-2023-12.png"", ""https://www.building-center.org/wp-content/uploads/2024/10/Screenshot-2024-10-24-155137.png""]"
decode,ARCOAIRE,,NominalCapacityCode,"{""data_type"": ""Text"", ""positions"": {""start"": 7, ""end"": 8}}",,"[""24ACC3"", ""7THAND8THDIGITS""]",Extracts the capacity code only; no deterministic tons transform provided on the page.,,,"Arcoaire Tonnage Decoder | Building Intelligence Center Navigation Home What’s New ! Arcoaire Tonnage Decoder International Comfort Products manufactures multiple brands including Carrier, Heil, Bryant, Tempstar, Airquest, Arcoaire, and Day & Night. All ICP brand products are set up with a systematic coding system for both model numbers and serial numbers. Unit model number (including any dash numbers) and serial number must always be used when referring a problem to ICP in regard to repair parts, literature, wiring diagrams, etc. Use of proper unit identification numbers and serial numbers wi",https://www.building-center.org/arcoaire-tonnage-decoder/,2026-01-25T03:39:54Z,"[""//www.building-center.org/wp-content/uploads/2023/10/New-BiC-Logo-2023-12.png"", ""https://www.building-center.org/wp-content/uploads/2024/10/100_0006.jpg"", ""https://www.building-center.org/wp-content/uploads/2024/10/Screenshot-2024-10-28-143212.png""]"
guidance,ARMSTRONG,,NominalCapacityTons,"{""data_type"": ""Number"", ""pattern"": {""regex"": ""(18|24|30|36|42|48|60)"", ""group"": 1}, ""mapping"": {""18"": 1.5, ""24"": 2.0, ""30"": 2.5, ""36"": 3.0, ""42"": 3.5, ""48"": 4.0, ""60"": 5.0}}",Tons,[],Tonnage mapping exists but the model-code location is not deterministic from captured text.,chart_required,"Tonnage code location is ambiguous; manual review required. Images: //www.building-center.org/wp-content/uploads/2023/10/New-BiC-Logo-2023-12.png, https://www.building-center.org/wp-content/uploads/2024/10/Screenshot-2024-10-02-204004.png","Armstrong Tonnage Decoder | Building Intelligence Center Navigation Home What’s New ! Armstrong Tonnage Decoder Click Here to visit the Armstrong Website All Armstrong products are set up with a systematic coding system for both model numbers and serial numbers. Unit model number (including any dash numbers) and serial number must always be used when referring a problem to Lennox in regard to repair parts, literature, wiring diagrams, etc. Use of proper unit identification numbers and serial numbers will greatly help in expediting any material required for these products. The sequence of lette",https://www.building-center.org/armstrong-tonnage-decoder/,2026-01-25T03:39:55Z,"[""//www.building-center.org/wp-content/uploads/2023/10/New-BiC-Logo-2023-12.png"", ""https://www.building-center.org/wp-content/uploads/2024/10/Screenshot-2024-10-02-204004.png""]"
guidance,BOSCH,,ModelNomenclature,{},,"[""1CSXRA"", ""BMS500""]",Model decoder content is in an image/PDF; OCR or manual transcription required for deterministic attributes.,chart_required,"Model nomenclature requires image/PDF review. References: //www.building-center.org/wp-content/uploads/2023/10/New-BiC-Logo-2023-12.png, https://www.building-center.org/wp-content/uploads/2024/11/Screenshot-2024-11-17-180652.png","Bosch Tonnage Decoder | Building Intelligence Center Navigation Home What’s New ! BoschTonnage Decoder All Bosch products are set up with a systematic coding system for both model numbers and serial numbers. Unit model number (including any dash numbers) and serial number must always be used when referring a problem to Bosch in regard to repair parts, literature, wiring diagrams, etc. Use of proper unit identification numbers and serial numbers will greatly help in expediting any material required for these products. The sequence of letters and digits in the Bosch model number reflects specifi",https://www.building-center.org/bosch-tonnage-decoder/,2026-01-25T03:39:56Z,"[""//www.building-center.org/wp-content/uploads/2023/10/New-BiC-Logo-2023-12.png"", ""https://www.building-center.org/wp-content/uploads/2024/11/Screenshot-2024-11-17-180652.png""]"
guidance,BOSCH,,NominalCapacityTons,{},Tons,"[""1CSXRA"", ""BMS500""]",Model decoder text did not include a deterministic extraction rule.,chart_required,"Bosch Tonnage Decoder | Building Intelligence Center
Navigation
Home
What’s New !
BoschTonnage Decoder
All Bosch products are set up with a systematic coding system for both model numbers and serial numbers. Unit model number (including any dash numbers) and serial number must always be used when referring a problem to Bosch in regard to repair parts, literature, wiring diagrams, etc. Use of proper unit identification numbers and serial numbers will greatly help in expediting any material required for these products.
The sequence of letters and digits in the Bosch model number reflects specific information about the unit. The figures below analyze two typical model numbers.
Bosch split systems designates its size in TONS by using the First
2 digits
in the model number, following the letter References: //www.building-center.org/wp-content/uploads/2023/10/New-BiC-Logo-2023-12.png, https://","Bosch Tonnage Decoder | Building Intelligence Center Navigation Home What’s New ! BoschTonnage Decoder All Bosch products are set up with a systematic coding system for both model numbers and serial numbers. Unit model number (including any dash numbers) and serial number must always be used when referring a problem to Bosch in regard to repair parts, literature, wiring diagrams, etc. Use of proper unit identification numbers and serial numbers will greatly help in expediting any material required for these products. The sequence of letters and digits in the Bosch model number reflects specifi",https://www.building-center.org/bosch-tonnage-decoder/,2026-01-25T03:39:56Z,"[""//www.building-center.org/wp-content/uploads/2023/10/New-BiC-Logo-2023-12.png"", ""https://www.building-center.org/wp-content/uploads/2024/11/Screenshot-2024-11-17-180652.png""]"
decode,BRYANT,,NominalCapacityCode,"{""data_type"": ""Text"", ""positions"": {""start"": 7, ""end"": 8}}",,"[""24ACC3"", ""7THAND8THDIGITS""]",Extracts the capacity code only; no deterministic tons transform provided on the page.,,,"Bryant Tonnage Decoder | Building Intelligence Center Navigation Home What’s New ! Bryant Tonnage Decoder Model Numbering Systems All Bryant products are set up with a systematic coding system for both model numbers and serial numbers. Unit model number (including any dash numbers) and serial number must always be used when referring a problem to Bryant in regard to repair parts, literature, wiring diagrams, etc. Use of proper unit identification numbers and serial numbers will greatly help in expediting any material required for these products. The sequence of letters and digits in the Bryant",https://www.building-center.org/bryant-tonnage-decoder/,2026-01-25T03:39:57Z,"[""//www.building-center.org/wp-content/uploads/2023/10/New-BiC-Logo-2023-12.png"", ""https://www.building-center.org/wp-content/uploads/2024/10/Screenshot-2024-10-28-143212.png""]"
decode,CARRIER,,NominalCapacityCode,"{""data_type"": ""Text"", ""positions"": {""start"": 7, ""end"": 8}}",,"[""24ACC3"", ""7THAND8THDIGITS""]",Extracts the capacity code only; no deterministic tons transform provided on the page.,,,"Carrier Tonnage Decoder | Building Intelligence Center Navigation Home What’s New ! Carrier Tonnage Decoder Home Carrier Tonnage Decoder Carrier Tonnage Decoder International Comfort Products manufactures multiple brands including Carrier, Heil, Bryant, Tempstar, Airquest, Arcoaire, and Day & Night. All ICP brand products are set up with a systematic coding system for both model numbers and serial numbers. Unit model number (including any dash numbers) and serial number must always be used when referring a problem to ICP in regard to repair parts, literature, wiring diagrams, etc. Use of prope",https://www.building-center.org/carrier-tonnage-decoder/,2026-01-25T03:39:57Z,"[""//www.building-center.org/wp-content/uploads/2023/10/New-BiC-Logo-2023-12.png"", ""https://www.building-center.org/wp-content/uploads/2024/10/100_0006.jpg"", ""https://www.building-center.org/wp-content/uploads/2024/10/Screenshot-2024-10-28-143212.png""]"
guidance,CLIMATE MASTER,,NominalCapacityTons,"{""data_type"": ""Number"", ""pattern"": {""regex"": ""(18|24|30|36|42|48|60)"", ""group"": 1}, ""mapping"": {""18"": 1.5, ""24"": 2.0, ""30"": 2.5, ""36"": 3.0, ""42"": 3.5, ""48"": 4.0, ""60"": 5.0}}",Tons,[],Tonnage mapping exists but the model-code location is not deterministic from captured text.,chart_required,"Tonnage code location is ambiguous; manual review required. Images: //www.building-center.org/wp-content/uploads/2023/10/New-BiC-Logo-2023-12.png, https://www.building-center.org/wp-content/uploads/2024/12/Screenshot-2024-12-02-215323.png","Climate Master Tonnage Decoder | Building Intelligence Center Navigation Home What’s New ! Climate Master Tonnage Decoder All Climate Master products are set up with a systematic coding system for both model numbers and serial numbers. Unit model number (including any dash numbers) and serial number must always be used when referring a problem to Climate Master in regard to repair parts, literature, wiring diagrams, etc. Use of proper unit identification numbers and serial numbers will greatly help in expediting any material required for these products. The sequence of letters and digits in th",https://www.building-center.org/climate-master-tonnage-decoder/,2026-01-25T03:39:58Z,"[""//www.building-center.org/wp-content/uploads/2023/10/New-BiC-Logo-2023-12.png"", ""https://www.building-center.org/wp-content/uploads/2024/12/Screenshot-2024-12-02-215323.png""]"
guidance,COLEMAN,,ModelNomenclature,{},,"[""4THAND5TH""]",Model decoder content is in an image/PDF; OCR or manual transcription required for deterministic attributes.,chart_required,"Model nomenclature requires image/PDF review. References: //www.building-center.org/wp-content/uploads/2023/10/New-BiC-Logo-2023-12.png, https://www.building-center.org/wp-content/uploads/2024/12/Screenshot-2024-12-03-095704-e1733238689770.png, https://www.building-center.org/wp-content/uploads/2024/12/Screenshot-2024-12-03-100243.png","Coleman Tonnage Decoder | Building Intelligence Center Navigation Home What’s New ! Coleman Tonnage Decoder Johnson Controls is the parent company of Coleman Products All Coleman products are set up with a systematic coding system for both model numbers and serial numbers. Unit model number (including any dash numbers) and serial number must always be used when referring a problem to Coleman in regard to repair parts, literature, wiring diagrams, etc. Use of proper unit identification numbers and serial numbers will greatly help in expediting any material required for these products. The seque",https://www.building-center.org/coleman-tonnage-decoder/,2026-01-25T03:40:00Z,"[""//www.building-center.org/wp-content/uploads/2023/10/New-BiC-Logo-2023-12.png"", ""https://www.building-center.org/wp-content/uploads/2024/12/Screenshot-2024-12-03-095704-e1733238689770.png"", ""https://www.building-center.org/wp-content/uploads/2024/12/Screenshot-2024-12-03-100243.png""]"
guidance,COLEMAN,,NominalCapacityTons,{},Tons,"[""4THAND5TH""]",Model decoder text did not include a deterministic extraction rule.,chart_required,"Coleman Tonnage Decoder | Building Intelligence Center
Navigation
Home
What’s New !
Coleman Tonnage Decoder
Johnson Controls is the parent company of Coleman Products
All Coleman products are set up with a systematic coding system for both model numbers and serial numbers. Unit model number (including any dash numbers) and serial number must always be used when referring a problem to Coleman in regard to repair parts, literature, wiring diagrams, etc. Use of proper unit identification numbers and serial numbers will greatly help in expediting any material required for these products.
The sequence of letters and digits in the Coleman model number reflects specific information about the unit. The figures below analyze two typical model numbers.
Coleman Designates the tonnage by digits in the References: //www.building-center.org/wp-content/uploads/2023/10/New-BiC-Logo-2023-12.png, https://","Coleman Tonnage Decoder | Building Intelligence Center Navigation Home What’s New ! Coleman Tonnage Decoder Johnson Controls is the parent company of Coleman Products All Coleman products are set up with a systematic coding system for both model numbers and serial numbers. Unit model number (including any dash numbers) and serial number must always be used when referring a problem to Coleman in regard to repair parts, literature, wiring diagrams, etc. Use of proper unit identification numbers and serial numbers will greatly help in expediting any material required for these products. The seque",https://www.building-center.org/coleman-tonnage-decoder/,2026-01-25T03:40:00Z,"[""//www.building-center.org/wp-content/uploads/2023/10/New-BiC-Logo-2023-12.png"", ""https://www.building-center.org/wp-content/uploads/2024/12/Screenshot-2024-12-03-095704-e1733238689770.png"", ""https://www.building-center.org/wp-content/uploads/2024/12/Screenshot-2024-12-03-100243.png""]"
decode,COMFORTMAKER,,NominalCapacityCode,"{""data_type"": ""Text"", ""positions"": {""start"": 7, ""end"": 8}}",,"[""24ACC3"", ""7THAND8THDIGITS""]",Extracts the capacity code only; no deterministic tons transform provided on the page.,,,"Comfortmaker Tonnage Decoder | Building Intelligence Center Navigation Home What’s New ! Comfortmaker Tonnage Decoder International Comfort Products manufactures multiple brands including Carrier, Heil, Bryant, Tempstar, Airquest, Arcoaire, and Day & Night. All ICP brand products are set up with a systematic coding system for both model numbers and serial numbers. Unit model number (including any dash numbers) and serial number must always be used when referring a problem to ICP in regard to repair parts, literature, wiring diagrams, etc. Use of proper unit identification numbers and serial nu",https://www.building-center.org/comfortmaker-tonnage-decoder/,2026-01-25T03:40:00Z,"[""//www.building-center.org/wp-content/uploads/2023/10/New-BiC-Logo-2023-12.png"", ""https://www.building-center.org/wp-content/uploads/2024/10/100_0006.jpg"", ""https://www.building-center.org/wp-content/uploads/2024/10/Screenshot-2024-10-28-143212.png""]"
decode,CONCORD,,NominalCapacityTons,"{""data_type"": ""Number"", ""positions"": {""start"": 7, ""end"": 8}, ""mapping"": {""18"": 1.5, ""24"": 2.0, ""30"": 2.5, ""36"": 3.0, ""42"": 3.5, ""48"": 4.0, ""60"": 5.0}}",Tons,"[""4AC13L"", ""7THAND8THDIGITS""]",,,,Concord Tonnage Decoder | Building Intelligence Center Navigation Home What’s New ! Concord Tonnage Decoder You can determine the tonnage of all current Concord HVAC systems by finding the 7th and 8th Digits in the model number. An example would be: 4AC13L 48 P7A Click Here to visit the Concord Website for more info. The Tonnage Chart is provided Below. 18 = 1.5 tons 24 = 2 tons 30 = 2.5 tons 36 = 3 tons 42 = 3.5 tons 48 = 4 tons 60 = 5 tons Welcome Indexes Business Directory,https://www.building-center.org/concord-tonnage-decoder/,2026-01-25T03:40:02Z,"[""//www.building-center.org/wp-content/uploads/2023/10/New-BiC-Logo-2023-12.png"", ""https://www.building-center.org/wp-content/uploads/2024/10/Screenshot-2024-10-02-204004.png""]"
guidance,DAKIN,,ModelNomenclature,{},,"[""7TH8THAND9TH""]",Model decoder content is in an image/PDF; OCR or manual transcription required for deterministic attributes.,chart_required,"Model nomenclature requires image/PDF review. References: //www.building-center.org/wp-content/uploads/2023/10/New-BiC-Logo-2023-12.png, https://www.building-center.org/wp-content/uploads/2024/12/Screenshot-2024-12-09-173959.png, https://www.building-center.org/wp-content/uploads/2024/12/Screenshot-2024-12-09-174033.png","Dakin Tonnage Decoder | Building Intelligence Center Navigation Home What’s New ! Daikin Tonnage Decoder Dakin products designate tonnage based on numerical digits in the Model number. Unit model number (including any dash numbers) and serial number must always be used when referring a problem to Lennox in regard to repair parts, literature, wiring diagrams, etc. Use of proper unit identification numbers and serial numbers will greatly help in expediting any material required for these products. Tonnage is based on the 7th 8th and 9th numerical positions in the model number. The sequence of le",https://www.building-center.org/dakin-tonnage-decoder/,2026-01-25T03:40:03Z,"[""//www.building-center.org/wp-content/uploads/2023/10/New-BiC-Logo-2023-12.png"", ""https://www.building-center.org/wp-content/uploads/2024/12/Screenshot-2024-12-09-173959.png"", ""https://www.building-center.org/wp-content/uploads/2024/12/Screenshot-2024-12-09-174033.png""]"
guidance,DAKIN,,NominalCapacityTons,{},Tons,"[""7TH8THAND9TH""]",Model decoder text did not include a deterministic extraction rule.,chart_required,"Dakin Tonnage Decoder | Building Intelligence Center
Navigation
Home
What’s New !
Daikin Tonnage Decoder
Dakin products designate tonnage based on numerical digits in the Model number.
Unit model number (including any dash numbers) and serial number must always be used when referring a problem to Lennox in regard to repair parts, literature, wiring diagrams, etc. Use of proper unit identification numbers and serial numbers will greatly help in expediting any material required for these products.
Tonnage is based on the
7th 8th and 9th
numerical positions in the model number.
The sequence of letters and digits in the Lennox model number reflects specific information about the unit. The figures below analyze typical model numbers.
Welcome
Indexes
Business Directory References: //www.building-center.org/wp-content/uploads/2023/10/New-BiC-Logo-2023-12.png, https://www.building-center.org/wp-","Dakin Tonnage Decoder | Building Intelligence Center Navigation Home What’s New ! Daikin Tonnage Decoder Dakin products designate tonnage based on numerical digits in the Model number. Unit model number (including any dash numbers) and serial number must always be used when referring a problem to Lennox in regard to repair parts, literature, wiring diagrams, etc. Use of proper unit identification numbers and serial numbers will greatly help in expediting any material required for these products. Tonnage is based on the 7th 8th and 9th numerical positions in the model number. The sequence of le",https://www.building-center.org/dakin-tonnage-decoder/,2026-01-25T03:40:03Z,"[""//www.building-center.org/wp-content/uploads/2023/10/New-BiC-Logo-2023-12.png"", ""https://www.building-center.org/wp-content/uploads/2024/12/Screenshot-2024-12-09-173959.png"", ""https://www.building-center.org/wp-content/uploads/2024/12/Screenshot-2024-12-09-174033.png""]"
decode,DAY AND NIGHT,,NominalCapacityCode,"{""data_type"": ""Text"", ""positions"": {""start"": 7, ""end"": 8}}",,"[""24ACC3"", ""7THAND8THDIGITS""]",Extracts the capacity code only; no deterministic tons transform provided on the page.,,,"Day and Night Tonnage Decoder | Building Intelligence Center Navigation Home What’s New ! Day and Night Tonnage Decoder International Comfort Products manufactures multiple brands including Carrier, Heil, Bryant, Tempstar, Airquest, Arcoaire, and Day & Night. All ICP brand products are set up with a systematic coding system for both model numbers and serial numbers. Unit model number (including any dash numbers) and serial number must always be used when referring a problem to ICP in regard to repair parts, literature, wiring diagrams, etc. Use of proper unit identification numbers and serial ",https://www.building-center.org/day-and-night-tonnage-decoder/,2026-01-25T03:40:04Z,"[""//www.building-center.org/wp-content/uploads/2023/10/New-BiC-Logo-2023-12.png"", ""https://www.building-center.org/wp-content/uploads/2024/10/100_0006.jpg"", ""https://www.building-center.org/wp-content/uploads/2024/10/Screenshot-2024-10-28-143212.png""]"
guidance,DUCANE,,ModelNomenclature,{},,[],Model decoder content is in an image/PDF; OCR or manual transcription required for deterministic attributes.,chart_required,"Model nomenclature requires image/PDF review. References: //www.building-center.org/wp-content/uploads/2023/10/New-BiC-Logo-2023-12.png, https://www.building-center.org/wp-content/uploads/2024/10/Screenshot-2024-10-02-204004.png","Ducane Tonnage Decoder | Building Intelligence Center Navigation Home What’s New ! DucaneTonnage Decoder Click Here to visit the Ducane Website All Ducane products are set up with a systematic coding system for both model numbers and serial numbers. Unit model number (including any dash numbers) and serial number must always be used when referring a problem to Ducane in regard to repair parts, literature, wiring diagrams, etc. Use of proper unit identification numbers and serial numbers will greatly help in expediting any material required for these products. The sequence of letters and digits",https://www.building-center.org/ducane-tonnage-decoder/,2026-01-25T03:40:05Z,"[""//www.building-center.org/wp-content/uploads/2023/10/New-BiC-Logo-2023-12.png"", ""https://www.building-center.org/wp-content/uploads/2024/10/Screenshot-2024-10-02-204004.png""]"
guidance,DUCANE,,NominalCapacityTons,{},Tons,[],Model decoder text did not include a deterministic extraction rule.,chart_required,"Ducane Tonnage Decoder | Building Intelligence Center
Navigation
Home
What’s New !
DucaneTonnage Decoder
Click Here to visit the Ducane Website
All Ducane products are set up with a systematic coding system for both model numbers and serial numbers. Unit model number (including any dash numbers) and serial number must always be used when referring a problem to Ducane in regard to repair parts, literature, wiring diagrams, etc. Use of proper unit identification numbers and serial numbers will greatly help in expediting any material required for these products.
The sequence of letters and digits in the Ducane model number reflects specific information about the unit. The figures below analyze two typical model numbers.
Tonnage is determined by the
7th & 8th
digits in the model number.
Welcom References: //www.building-center.org/wp-content/uploads/2023/10/New-BiC-Logo-2023-12.png, https://","Ducane Tonnage Decoder | Building Intelligence Center Navigation Home What’s New ! DucaneTonnage Decoder Click Here to visit the Ducane Website All Ducane products are set up with a systematic coding system for both model numbers and serial numbers. Unit model number (including any dash numbers) and serial number must always be used when referring a problem to Ducane in regard to repair parts, literature, wiring diagrams, etc. Use of proper unit identification numbers and serial numbers will greatly help in expediting any material required for these products. The sequence of letters and digits",https://www.building-center.org/ducane-tonnage-decoder/,2026-01-25T03:40:05Z,"[""//www.building-center.org/wp-content/uploads/2023/10/New-BiC-Logo-2023-12.png"", ""https://www.building-center.org/wp-content/uploads/2024/10/Screenshot-2024-10-02-204004.png""]"
guidance,FRIGIDAIRE,,ModelNomenclature,{},,[],Model decoder content is in an image/PDF; OCR or manual transcription required for deterministic attributes.,chart_required,"Model nomenclature requires image/PDF review. References: //www.building-center.org/wp-content/uploads/2023/10/New-BiC-Logo-2023-12.png, https://www.building-center.org/wp-content/uploads/2024/11/Screenshot-2024-11-03-092446.png","Frigidaire Tonnage Decoder | Building Intelligence Center Navigation Home What’s New ! Frigidaire Tonnage Decoder Click Here to visit the Nortek Website Nortek Global is the parent company for several brands including Gibson, Frigidaire, Maytag, Miller, Broan and Intertherm. The sequence of letters and digits in the Maytag model number reflects specific information about the unit. The figures below analyze typical model numbers. Tonnage is determined by the 7th & 8th digits in the model number. Welcome Indexes Business Directory",https://www.building-center.org/frigidaire-tonnage-decoder/,2026-01-25T03:40:06Z,"[""//www.building-center.org/wp-content/uploads/2023/10/New-BiC-Logo-2023-12.png"", ""https://www.building-center.org/wp-content/uploads/2024/11/Screenshot-2024-11-03-092446.png""]"
guidance,FRIGIDAIRE,,NominalCapacityTons,{},Tons,[],Model decoder text did not include a deterministic extraction rule.,chart_required,"Frigidaire Tonnage Decoder | Building Intelligence Center
Navigation
Home
What’s New !
Frigidaire Tonnage Decoder
Click Here to visit the Nortek Website
Nortek Global is the parent company for several brands including Gibson, Frigidaire, Maytag, Miller, Broan and Intertherm.
The sequence of letters and digits in the Maytag model number reflects specific information about the unit. The figures below analyze typical model numbers.
Tonnage is determined by the
7th & 8th
digits in the model number.
Welcome
Indexes
Business Directory References: //www.building-center.org/wp-content/uploads/2023/10/New-BiC-Logo-2023-12.png, https://www.building-center.org/wp-content/uploads/2024/11/Screenshot-2024-11-03-092446.png","Frigidaire Tonnage Decoder | Building Intelligence Center Navigation Home What’s New ! Frigidaire Tonnage Decoder Click Here to visit the Nortek Website Nortek Global is the parent company for several brands including Gibson, Frigidaire, Maytag, Miller, Broan and Intertherm. The sequence of letters and digits in the Maytag model number reflects specific information about the unit. The figures below analyze typical model numbers. Tonnage is determined by the 7th & 8th digits in the model number. Welcome Indexes Business Directory",https://www.building-center.org/frigidaire-tonnage-decoder/,2026-01-25T03:40:06Z,"[""//www.building-center.org/wp-content/uploads/2023/10/New-BiC-Logo-2023-12.png"", ""https://www.building-center.org/wp-content/uploads/2024/11/Screenshot-2024-11-03-092446.png""]"
guidance,GIBSON,,ModelNomenclature,{},,[],Model decoder content is in an image/PDF; OCR or manual transcription required for deterministic attributes.,chart_required,"Model nomenclature requires image/PDF review. References: //www.building-center.org/wp-content/uploads/2023/10/New-BiC-Logo-2023-12.png, https://www.building-center.org/wp-content/uploads/2024/11/Screenshot-2024-11-03-092446.png","Gibson Tonnage Decoder | Building Intelligence Center Navigation Home What’s New ! Gibson Tonnage Decoder Click Here to visit the Nortek Website Nortek Global is the parent company for several brands including Gibson, Frigidaire, Maytag, Miller, Broan and Intertherm. The sequence of letters and digits in the Gibson model number reflects specific information about the unit. The figures below analyze typical model numbers. Tonnage is determined by the 7th & 8th digits in the model number. Welcome Indexes Business Directory",https://www.building-center.org/gibson-tonnage-decoder/,2026-01-25T03:40:07Z,"[""//www.building-center.org/wp-content/uploads/2023/10/New-BiC-Logo-2023-12.png"", ""https://www.building-center.org/wp-content/uploads/2024/11/Screenshot-2024-11-03-092446.png""]"
guidance,GIBSON,,NominalCapacityTons,{},Tons,[],Model decoder text did not include a deterministic extraction rule.,chart_required,"Gibson Tonnage Decoder | Building Intelligence Center
Navigation
Home
What’s New !
Gibson Tonnage Decoder
Click Here to visit the Nortek Website
Nortek Global is the parent company for several brands including Gibson, Frigidaire, Maytag, Miller, Broan and Intertherm.
The sequence of letters and digits in the Gibson model number reflects specific information about the unit. The figures below analyze typical model numbers.
Tonnage is determined by the
7th & 8th
digits in the model number.
Welcome
Indexes
Business Directory References: //www.building-center.org/wp-content/uploads/2023/10/New-BiC-Logo-2023-12.png, https://www.building-center.org/wp-content/uploads/2024/11/Screenshot-2024-11-03-092446.png","Gibson Tonnage Decoder | Building Intelligence Center Navigation Home What’s New ! Gibson Tonnage Decoder Click Here to visit the Nortek Website Nortek Global is the parent company for several brands including Gibson, Frigidaire, Maytag, Miller, Broan and Intertherm. The sequence of letters and digits in the Gibson model number reflects specific information about the unit. The figures below analyze typical model numbers. Tonnage is determined by the 7th & 8th digits in the model number. Welcome Indexes Business Directory",https://www.building-center.org/gibson-tonnage-decoder/,2026-01-25T03:40:07Z,"[""//www.building-center.org/wp-content/uploads/2023/10/New-BiC-Logo-2023-12.png"", ""https://www.building-center.org/wp-content/uploads/2024/11/Screenshot-2024-11-03-092446.png""]"
decode,GRANDAIRE,,NominalCapacityCode,"{""data_type"": ""Text"", ""positions"": {""start"": 7, ""end"": 8}}",,"[""24ACC3"", ""7THAND8THDIGITS""]",Extracts the capacity code only; no deterministic tons transform provided on the page.,,,"Grandaire Tonnage Decoder | Building Intelligence Center Navigation Home What’s New ! Grandaire Tonnage Decoder Grandaire is a brand of International Comfort Products All Grandaire products are set up with a systematic coding system for both model numbers and serial numbers. Unit model number (including any dash numbers) and serial number must always be used when referring a problem to Grandaire in regard to repair parts, literature, wiring diagrams, etc. Use of proper unit identification numbers and serial numbers will greatly help in expediting any material required for these products. The s",https://www.building-center.org/grandaire-tonnage-decoder/,2026-01-25T03:40:09Z,"[""//www.building-center.org/wp-content/uploads/2023/10/New-BiC-Logo-2023-12.png"", ""https://www.building-center.org/wp-content/uploads/2024/10/Screenshot-2024-10-28-143212.png""]"
decode,HEIL,,NominalCapacityCode,"{""data_type"": ""Text"", ""positions"": {""start"": 7, ""end"": 8}}",,"[""24ACC3"", ""7THAND8THDIGITS""]",Extracts the capacity code only; no deterministic tons transform provided on the page.,,,"Heil Tonnage Decoder | Building Intelligence Center Navigation Home What’s New ! Heil Tonnage Decoder International Comfort Products manufactures multiple brands including Carrier, Heil, Bryant, Tempstar, Airquest, Arcoaire, and Day & Night. All ICP brand products are set up with a systematic coding system for both model numbers and serial numbers. Unit model number (including any dash numbers) and serial number must always be used when referring a problem to ICP in regard to repair parts, literature, wiring diagrams, etc. Use of proper unit identification numbers and serial numbers will great",https://www.building-center.org/heil-tonnage-decoder/,2026-01-25T03:40:10Z,"[""//www.building-center.org/wp-content/uploads/2023/10/New-BiC-Logo-2023-12.png"", ""https://www.building-center.org/wp-content/uploads/2024/10/100_0006.jpg"", ""https://www.building-center.org/wp-content/uploads/2024/10/Screenshot-2024-10-28-143212.png""]"
guidance,INTERTHERM,,ModelNomenclature,{},,[],Model decoder content is in an image/PDF; OCR or manual transcription required for deterministic attributes.,chart_required,"Model nomenclature requires image/PDF review. References: //www.building-center.org/wp-content/uploads/2023/10/New-BiC-Logo-2023-12.png, https://www.building-center.org/wp-content/uploads/2024/11/Screenshot-2024-11-03-092446.png","Intertherm Tonnage Decoder | Building Intelligence Center Navigation Home What’s New ! Intertherm Tonnage Decoder Click Here to visit the Nortek Website Nortek Global is the parent company for several brands including Gibson, Frigidaire, Maytag, Miller, Broan and Intertherm. The sequence of letters and digits in the Maytag model number reflects specific information about the unit. The figures below analyze typical model numbers. Tonnage is determined by the 7th & 8th digits in the model number. Welcome Indexes Business Directory",https://www.building-center.org/intertherm-tonnage-decoder/,2026-01-25T03:40:11Z,"[""//www.building-center.org/wp-content/uploads/2023/10/New-BiC-Logo-2023-12.png"", ""https://www.building-center.org/wp-content/uploads/2024/11/Screenshot-2024-11-03-092446.png""]"
guidance,INTERTHERM,,NominalCapacityTons,{},Tons,[],Model decoder text did not include a deterministic extraction rule.,chart_required,"Intertherm Tonnage Decoder | Building Intelligence Center
Navigation
Home
What’s New !
Intertherm Tonnage Decoder
Click Here to visit the Nortek Website
Nortek Global is the parent company for several brands including Gibson, Frigidaire, Maytag, Miller, Broan and Intertherm.
The sequence of letters and digits in the Maytag model number reflects specific information about the unit. The figures below analyze typical model numbers.
Tonnage is determined by the
7th & 8th
digits in the model number.
Welcome
Indexes
Business Directory References: //www.building-center.org/wp-content/uploads/2023/10/New-BiC-Logo-2023-12.png, https://www.building-center.org/wp-content/uploads/2024/11/Screenshot-2024-11-03-092446.png","Intertherm Tonnage Decoder | Building Intelligence Center Navigation Home What’s New ! Intertherm Tonnage Decoder Click Here to visit the Nortek Website Nortek Global is the parent company for several brands including Gibson, Frigidaire, Maytag, Miller, Broan and Intertherm. The sequence of letters and digits in the Maytag model number reflects specific information about the unit. The figures below analyze typical model numbers. Tonnage is determined by the 7th & 8th digits in the model number. Welcome Indexes Business Directory",https://www.building-center.org/intertherm-tonnage-decoder/,2026-01-25T03:40:11Z,"[""//www.building-center.org/wp-content/uploads/2023/10/New-BiC-Logo-2023-12.png"", ""https://www.building-center.org/wp-content/uploads/2024/11/Screenshot-2024-11-03-092446.png""]"
decode,KEEPRITE,,NominalCapacityCode,"{""data_type"": ""Text"", ""positions"": {""start"": 7, ""end"": 8}}",,"[""24ACC3"", ""7THAND8THDIGITS""]",Extracts the capacity code only; no deterministic tons transform provided on the page.,,,"Keeprite Tonnage Decoder | Building Intelligence Center Navigation Home What’s New ! Keeprite Tonnage Decoder International Comfort Products manufactures multiple brands including Carrier, Heil, Bryant, Tempstar, Airquest, Arcoaire, and Day & Night. All ICP brand products are set up with a systematic coding system for both model numbers and serial numbers. Unit model number (including any dash numbers) and serial number must always be used when referring a problem to ICP in regard to repair parts, literature, wiring diagrams, etc. Use of proper unit identification numbers and serial numbers wi",https://www.building-center.org/keeprite-tonnage-decoder/,2026-01-25T03:40:12Z,"[""//www.building-center.org/wp-content/uploads/2023/10/New-BiC-Logo-2023-12.png"", ""https://www.building-center.org/wp-content/uploads/2024/10/100_0006.jpg"", ""https://www.building-center.org/wp-content/uploads/2024/10/Screenshot-2024-10-28-143212.png""]"
guidance,LENNOX,,ModelNomenclature,{},,[],Model decoder content is in an image/PDF; OCR or manual transcription required for deterministic attributes.,chart_required,"Model nomenclature requires image/PDF review. References: https://www.building-center.org/wp-content/uploads/2024/09/lennox_model_and_serial_nomenclature.pdf, //www.building-center.org/wp-content/uploads/2023/10/New-BiC-Logo-2023-12.png, https://www.building-center.org/wp-content/uploads/2024/09/Screenshot-2024-09-20-102356.png","Lennox Tonnage Decoder | Building Intelligence Center Navigation Home What’s New ! Lennox Tonnage Decoder * Please download the PDF for a complete guide to decoding tonnage for all Lennox Equipment. * Click Here Model Numbering Systems All Lennox products are set up with a systematic coding system for both model numbers and serial numbers. Unit model number (including any dash numbers) and serial number must always be used when referring a problem to Lennox in regard to repair parts, literature, wiring diagrams, etc. Use of proper unit identification numbers and serial numbers will greatly hel",https://www.building-center.org/lennox-tonnage-decoder/,2026-01-25T03:40:13Z,"[""//www.building-center.org/wp-content/uploads/2023/10/New-BiC-Logo-2023-12.png"", ""https://www.building-center.org/wp-content/uploads/2024/09/Screenshot-2024-09-20-102356.png""]"
guidance,LENNOX,,NominalCapacityTons,{},Tons,[],Model decoder text did not include a deterministic extraction rule.,chart_required,"Lennox Tonnage Decoder | Building Intelligence Center
Navigation
Home
What’s New !
Lennox Tonnage Decoder
* Please download the PDF for a complete guide to decoding tonnage for all Lennox Equipment. *
Click Here
Model Numbering Systems
All Lennox products are set up with a systematic coding system for both model numbers and serial numbers. Unit model number (including any dash numbers) and serial number must always be used when referring a problem to Lennox in regard to repair parts, literature, wiring diagrams, etc. Use of proper unit identification numbers and serial numbers will greatly help in expediting any material required for these products.
The sequence of letters and digits in the Lennox model number reflects specific information about the unit. The figures below analyze two typi References: https://www.building-center.org/wp-content/uploads/2024/09/lennox_model_and_serial_nome","Lennox Tonnage Decoder | Building Intelligence Center Navigation Home What’s New ! Lennox Tonnage Decoder * Please download the PDF for a complete guide to decoding tonnage for all Lennox Equipment. * Click Here Model Numbering Systems All Lennox products are set up with a systematic coding system for both model numbers and serial numbers. Unit model number (including any dash numbers) and serial number must always be used when referring a problem to Lennox in regard to repair parts, literature, wiring diagrams, etc. Use of proper unit identification numbers and serial numbers will greatly hel",https://www.building-center.org/lennox-tonnage-decoder/,2026-01-25T03:40:13Z,"[""//www.building-center.org/wp-content/uploads/2023/10/New-BiC-Logo-2023-12.png"", ""https://www.building-center.org/wp-content/uploads/2024/09/Screenshot-2024-09-20-102356.png""]"
guidance,LUXAIRE,,ModelNomenclature,{},,"[""4THAND5TH""]",Model decoder content is in an image/PDF; OCR or manual transcription required for deterministic attributes.,chart_required,"Model nomenclature requires image/PDF review. References: //www.building-center.org/wp-content/uploads/2023/10/New-BiC-Logo-2023-12.png, https://www.building-center.org/wp-content/uploads/2024/12/Screenshot-2024-12-03-095704-e1733238689770.png, https://www.building-center.org/wp-content/uploads/2024/12/Screenshot-2024-12-03-100243.png","Luxaire Tonnage Decoder | Building Intelligence Center Navigation Home What’s New ! LuxaireTonnage Decoder Johnson Controls is the parent company of Luxaire Products All Luxaire products are set up with a systematic coding system for both model numbers and serial numbers. Unit model number (including any dash numbers) and serial number must always be used when referring a problem to Luxaire in regard to repair parts, literature, wiring diagrams, etc. Use of proper unit identification numbers and serial numbers will greatly help in expediting any material required for these products. The sequen",https://www.building-center.org/luxaire-tonnage-decoder/,2026-01-25T03:40:13Z,"[""//www.building-center.org/wp-content/uploads/2023/10/New-BiC-Logo-2023-12.png"", ""https://www.building-center.org/wp-content/uploads/2024/12/Screenshot-2024-12-03-095704-e1733238689770.png"", ""https://www.building-center.org/wp-content/uploads/2024/12/Screenshot-2024-12-03-100243.png""]"
guidance,LUXAIRE,,NominalCapacityTons,{},Tons,"[""4THAND5TH""]",Model decoder text did not include a deterministic extraction rule.,chart_required,"Luxaire Tonnage Decoder | Building Intelligence Center
Navigation
Home
What’s New !
LuxaireTonnage Decoder
Johnson Controls is the parent company of Luxaire Products
All Luxaire products are set up with a systematic coding system for both model numbers and serial numbers. Unit model number (including any dash numbers) and serial number must always be used when referring a problem to Luxaire in regard to repair parts, literature, wiring diagrams, etc. Use of proper unit identification numbers and serial numbers will greatly help in expediting any material required for these products.
The sequence of letters and digits in the Luxaire model number reflects specific information about the unit. The figures below analyze two typical model numbers.
Luxaire Designates the tonnage by digits in the
 References: //www.building-center.org/wp-content/uploads/2023/10/New-BiC-Logo-2023-12.png, https://","Luxaire Tonnage Decoder | Building Intelligence Center Navigation Home What’s New ! LuxaireTonnage Decoder Johnson Controls is the parent company of Luxaire Products All Luxaire products are set up with a systematic coding system for both model numbers and serial numbers. Unit model number (including any dash numbers) and serial number must always be used when referring a problem to Luxaire in regard to repair parts, literature, wiring diagrams, etc. Use of proper unit identification numbers and serial numbers will greatly help in expediting any material required for these products. The sequen",https://www.building-center.org/luxaire-tonnage-decoder/,2026-01-25T03:40:13Z,"[""//www.building-center.org/wp-content/uploads/2023/10/New-BiC-Logo-2023-12.png"", ""https://www.building-center.org/wp-content/uploads/2024/12/Screenshot-2024-12-03-095704-e1733238689770.png"", ""https://www.building-center.org/wp-content/uploads/2024/12/Screenshot-2024-12-03-100243.png""]"
guidance,MAYTAG,,ModelNomenclature,{},,[],Model decoder content is in an image/PDF; OCR or manual transcription required for deterministic attributes.,chart_required,"Model nomenclature requires image/PDF review. References: //www.building-center.org/wp-content/uploads/2023/10/New-BiC-Logo-2023-12.png, https://www.building-center.org/wp-content/uploads/2024/11/Screenshot-2024-11-03-092446.png","Maytag Tonnage Decoder | Building Intelligence Center Navigation Home What’s New ! Maytag Tonnage Decoder Click Here to visit the Nortek Website Nortek Global is the parent company for several brands including Gibson, Frigidaire, Maytag, Miller, Broan and Intertherm. The sequence of letters and digits in the Maytag model number reflects specific information about the unit. The figures below analyze typical model numbers. Tonnage is determined by the 7th & 8th digits in the model number. Welcome Indexes Business Directory",https://www.building-center.org/maytag-tonnage-decoder/,2026-01-25T03:40:15Z,"[""//www.building-center.org/wp-content/uploads/2023/10/New-BiC-Logo-2023-12.png"", ""https://www.building-center.org/wp-content/uploads/2024/11/Screenshot-2024-11-03-092446.png""]"
guidance,MAYTAG,,NominalCapacityTons,{},Tons,[],Model decoder text did not include a deterministic extraction rule.,chart_required,"Maytag Tonnage Decoder | Building Intelligence Center
Navigation
Home
What’s New !
Maytag Tonnage Decoder
Click Here to visit the Nortek Website
Nortek Global is the parent company for several brands including Gibson, Frigidaire, Maytag, Miller, Broan and Intertherm.
The sequence of letters and digits in the Maytag model number reflects specific information about the unit. The figures below analyze typical model numbers.
Tonnage is determined by the
7th & 8th
digits in the model number.
Welcome
Indexes
Business Directory References: //www.building-center.org/wp-content/uploads/2023/10/New-BiC-Logo-2023-12.png, https://www.building-center.org/wp-content/uploads/2024/11/Screenshot-2024-11-03-092446.png","Maytag Tonnage Decoder | Building Intelligence Center Navigation Home What’s New ! Maytag Tonnage Decoder Click Here to visit the Nortek Website Nortek Global is the parent company for several brands including Gibson, Frigidaire, Maytag, Miller, Broan and Intertherm. The sequence of letters and digits in the Maytag model number reflects specific information about the unit. The figures below analyze typical model numbers. Tonnage is determined by the 7th & 8th digits in the model number. Welcome Indexes Business Directory",https://www.building-center.org/maytag-tonnage-decoder/,2026-01-25T03:40:15Z,"[""//www.building-center.org/wp-content/uploads/2023/10/New-BiC-Logo-2023-12.png"", ""https://www.building-center.org/wp-content/uploads/2024/11/Screenshot-2024-11-03-092446.png""]"
decode,PAYNE,,NominalCapacityCode,"{""data_type"": ""Text"", ""positions"": {""start"": 7, ""end"": 8}}",,"[""24ACC3"", ""7THAND8THDIGITS""]",Extracts the capacity code only; no deterministic tons transform provided on the page.,,,"Payne Tonnage Decoder | Building Intelligence Center Navigation Home What’s New ! Payne Tonnage Decoder Model Numbering Systems All Payne products are set up with a systematic coding system for both model numbers and serial numbers. Unit model number (including any dash numbers) and serial number must always be used when referring a problem to Payne in regard to repair parts, literature, wiring diagrams, etc. Use of proper unit identification numbers and serial numbers will greatly help in expediting any material required for these products. The sequence of letters and digits in the Payne mode",https://www.building-center.org/payne-tonnage-decoder/,2026-01-25T03:40:16Z,"[""//www.building-center.org/wp-content/uploads/2023/10/New-BiC-Logo-2023-12.png"", ""https://www.building-center.org/wp-content/uploads/2024/10/Screenshot-2024-10-28-143212.png""]"
guidance,RHEEM,,ModelNomenclature,{},,[],Model decoder content is in an image/PDF; OCR or manual transcription required for deterministic attributes.,chart_required,"Model nomenclature requires image/PDF review. References: //www.building-center.org/wp-content/uploads/2023/10/New-BiC-Logo-2023-12.png, https://www.building-center.org/wp-content/uploads/2024/10/Screenshot-2024-10-24-151428.png, https://www.building-center.org/wp-content/uploads/2024/10/Screenshot-2024-10-24-152317.png","Rheem Tonnage Decoder | Building Intelligence Center Navigation Home What’s New ! Rheem/Rudd Tonnage Decoder Model Numbering Systems All Rheem/Rudd products are set up with a systematic coding system for both model numbers and serial numbers. Unit model number (including any dash numbers) and serial number must always be used when referring a problem to Rheem/Rudd in regard to repair parts, literature, wiring diagrams, etc. Use of proper unit identification numbers and serial numbers will greatly help in expediting any material required for these products. The sequence of letters and digits in",https://www.building-center.org/rheem-tonnage-decoder/,2026-01-25T03:40:17Z,"[""//www.building-center.org/wp-content/uploads/2023/10/New-BiC-Logo-2023-12.png"", ""https://www.building-center.org/wp-content/uploads/2024/10/Screenshot-2024-10-24-151428.png"", ""https://www.building-center.org/wp-content/uploads/2024/10/Screenshot-2024-10-24-152317.png""]"
guidance,RHEEM,,NominalCapacityTons,{},Tons,[],Model decoder text did not include a deterministic extraction rule.,chart_required,"Rheem Tonnage Decoder | Building Intelligence Center
Navigation
Home
What’s New !
Rheem/Rudd Tonnage Decoder
Model Numbering Systems
All Rheem/Rudd products are set up with a systematic coding system for both model numbers and serial numbers. Unit model number (including any dash numbers) and serial number must always be used when referring a problem to Rheem/Rudd in regard to repair parts, literature, wiring diagrams, etc. Use of proper unit identification numbers and serial numbers will greatly help in expediting any material required for these products.
The sequence of letters and digits in the Rheem/Rudd model number reflects specific information about the unit. The figures below analyze two typical model numbers.
Below is chart examples from Rheem documentation. Other model lines may  References: //www.building-center.org/wp-content/uploads/2023/10/New-BiC-Logo-2023-12.png, https://","Rheem Tonnage Decoder | Building Intelligence Center Navigation Home What’s New ! Rheem/Rudd Tonnage Decoder Model Numbering Systems All Rheem/Rudd products are set up with a systematic coding system for both model numbers and serial numbers. Unit model number (including any dash numbers) and serial number must always be used when referring a problem to Rheem/Rudd in regard to repair parts, literature, wiring diagrams, etc. Use of proper unit identification numbers and serial numbers will greatly help in expediting any material required for these products. The sequence of letters and digits in",https://www.building-center.org/rheem-tonnage-decoder/,2026-01-25T03:40:17Z,"[""//www.building-center.org/wp-content/uploads/2023/10/New-BiC-Logo-2023-12.png"", ""https://www.building-center.org/wp-content/uploads/2024/10/Screenshot-2024-10-24-151428.png"", ""https://www.building-center.org/wp-content/uploads/2024/10/Screenshot-2024-10-24-152317.png""]"
guidance,TRANE,,NominalCapacityTons,"{""data_type"": ""Number"", ""pattern"": {""regex"": ""(18|24|30|36|42|48|60)"", ""group"": 1}, ""mapping"": {""18"": 1.5, ""24"": 2.0, ""30"": 2.5, ""36"": 3.0, ""42"": 3.5, ""48"": 4.0, ""60"": 5.0}}",Tons,[],Tonnage mapping exists but the model-code location is not deterministic from captured text.,chart_required,"Tonnage code location is ambiguous; manual review required. Images: //www.building-center.org/wp-content/uploads/2023/10/New-BiC-Logo-2023-12.png, https://www.building-center.org/wp-content/uploads/2024/09/100_0006.jpg, https://www.building-center.org/wp-content/uploads/2024/09/Screenshot-2024-09-20-124251.png",Trane Tonnage Decoder | Building Intelligence Center Navigation Home What’s New ! Tonnage/BTU Decoder A complete reference PDF can be downloaded HERE: Trane PDF You can determine tonnage of equipment based on numbers that can be divided by 6 or 12. You can almost always find these numbers somewhere in the middle of the model number. Tons can be determined by the 3rd and 4th numerical digits in the center of the model number for Trane. (after letter sequence) Other factors can also help determine the size. Other considerations should be: Sq Ft of the home. Electrical amperage requirements . Siz,https://www.building-center.org/trane-tonnage-decoder/,2026-01-25T03:39:55Z,"[""//www.building-center.org/wp-content/uploads/2023/10/New-BiC-Logo-2023-12.png"", ""https://www.building-center.org/wp-content/uploads/2024/09/100_0006.jpg"", ""https://www.building-center.org/wp-content/uploads/2024/09/Screenshot-2024-09-20-124251.png"", ""https://www.building-center.org/wp-content/uploads/2024/09/Screenshot-2024-09-24-133149.png""]"
guidance,WESTINGHOUSE,,ModelNomenclature,{},,"[""4THAD5TH"", ""WMA21S""]",Model decoder content is in an image/PDF; OCR or manual transcription required for deterministic attributes.,chart_required,"Model nomenclature requires image/PDF review. References: //www.building-center.org/wp-content/uploads/2023/10/New-BiC-Logo-2023-12.png, https://www.building-center.org/wp-content/uploads/2024/12/Screenshot-2024-12-09-155633.png",Westinghouse Tonnage Decoder | Building Intelligence Center Navigation Home What’s New ! Westinghouse Tonnage Decoder The Westinghouse brand is currently used for foreign made mini split or efficiency systems. All Westinghouse products are sized according to published BTU's and in the Model Number. Westinghouse documents tonnage by BTU ratings. The 4th ad 5th positions in the Model number notate tonnage size also. Example 1: WHS 12 WMA21S Welcome,https://www.building-center.org/westinghouse-tonnage-decoder/,2026-01-25T03:40:18Z,"[""//www.building-center.org/wp-content/uploads/2023/10/New-BiC-Logo-2023-12.png"", ""https://www.building-center.org/wp-content/uploads/2024/12/Screenshot-2024-12-09-155633.png""]"
guidance,WESTINGHOUSE,,NominalCapacityTons,{},Tons,"[""4THAD5TH"", ""WMA21S""]",Model decoder text did not include a deterministic extraction rule.,chart_required,"Westinghouse Tonnage Decoder | Building Intelligence Center
Navigation
Home
What’s New !
Westinghouse Tonnage Decoder
The Westinghouse brand is currently used for foreign made mini split or efficiency systems. All Westinghouse products are sized according to published BTU's and in the Model Number.
Westinghouse documents tonnage by BTU ratings. The
4th ad 5th
positions in the Model number notate tonnage size also.
Example 1: WHS
12
WMA21S
Welcome References: //www.building-center.org/wp-content/uploads/2023/10/New-BiC-Logo-2023-12.png, https://www.building-center.org/wp-content/uploads/2024/12/Screenshot-2024-12-09-155633.png",Westinghouse Tonnage Decoder | Building Intelligence Center Navigation Home What’s New ! Westinghouse Tonnage Decoder The Westinghouse brand is currently used for foreign made mini split or efficiency systems. All Westinghouse products are sized according to published BTU's and in the Model Number. Westinghouse documents tonnage by BTU ratings. The 4th ad 5th positions in the Model number notate tonnage size also. Example 1: WHS 12 WMA21S Welcome,https://www.building-center.org/westinghouse-tonnage-decoder/,2026-01-25T03:40:18Z,"[""//www.building-center.org/wp-content/uploads/2023/10/New-BiC-Logo-2023-12.png"", ""https://www.building-center.org/wp-content/uploads/2024/12/Screenshot-2024-12-09-155633.png""]"
decode,YORK,,NominalCapacityTons,"{""data_type"": ""Number"", ""pattern"": {""regex"": ""(18|24|30|36|42|48|60)"", ""group"": 1}, ""mapping"": {""18"": 1.5, ""24"": 2.0, ""30"": 2.5, ""36"": 3.0, ""42"": 3.5, ""48"": 4.0, ""60"": 5.0}}",Tons,"[""4THAND5TH""]",,,,"York Tonnage Decoder | Building Intelligence Center Navigation Home What’s New ! York Tonnage Decoder Johnson Controls is the parent company of York Products All York products are set up with a systematic coding system for both model numbers and serial numbers. Unit model number (including any dash numbers) and serial number must always be used when referring a problem to York in regard to repair parts, literature, wiring diagrams, etc. Use of proper unit identification numbers and serial numbers will greatly help in expediting any material required for these products. The sequence of letters ",https://www.building-center.org/york-tonnage-decoder/,2026-01-25T03:40:18Z,"[""//www.building-center.org/wp-content/uploads/2023/10/New-BiC-Logo-2023-12.png"", ""https://www.building-center.org/wp-content/uploads/2024/12/Screenshot-2024-12-03-095704-e1733238689770.png"", ""https://www.building-center.org/wp-content/uploads/2024/12/Screenshot-2024-12-03-100243.png""]"
decode,AIRE FLOW,^OE32,VoltageVoltPhaseHz,"{""data_type"": ""Text"", ""pattern"": {""regex"": ""^OE\\\\d{2}MV\\-\\\\d{3}\\-(\\\\d{3})\\-\\\\d{1}\\-\\\\d{1}$"", ""group"": 1}, ""mapping"": {""230"": ""208/230-1-60""}}",Volt-Phase-Hz,"[""OE32MV-036-230-6-7""]",Derived from OCR of Building-Center model nomenclature diagram; may be incomplete or noisy.,,,New Residential Nomenclature Coils C33 - 18A - 2FT SEE NOTE BELOW i Tonnage — T= Technicoat (exokale di n0t optioned) F= Full Case (exclude df uncased) 2 =Onfice 3. = Beedpon Indoor TXY ' 4= Non-Bleed Indoor THY Desranes,https://www.building-center.org/aire-flow-tonnage-decoder/,2026-01-25,"[""https://www.building-center.org/wp-content/uploads/2024/09/Screenshot-2024-09-20-102356.png""]"
decode,AIRE FLOW,^OE32,NominalCapacityTons,"{""data_type"": ""Text"", ""pattern"": {""regex"": ""^OE\\\\d{2}MV\\-(\\\\d{3})\\-\\\\d{3}\\-\\\\d{1}\\-\\\\d{1}$"", ""group"": 1}, ""mapping"": {""036"": ""3.0""}}",Tons,"[""OE32MV-036-230-6-7""]",Derived from OCR of Building-Center model nomenclature diagram; may be incomplete or noisy.,,,New Residential Nomenclature Coils C33 - 18A - 2FT SEE NOTE BELOW i Tonnage — T= Technicoat (exokale di n0t optioned) F= Full Case (exclude df uncased) 2 =Onfice 3. = Beedpon Indoor TXY ' 4= Non-Bleed Indoor THY Desranes,https://www.building-center.org/aire-flow-tonnage-decoder/,2026-01-25,"[""https://www.building-center.org/wp-content/uploads/2024/09/Screenshot-2024-09-20-102356.png""]"
decode,AIRE FLOW,^SERI,Refrigerant,"{""data_type"": ""Text"", ""pattern"": {""regex"": ""^SERIES\\\\d{1}T([A-Z0-9])V\\-NON\\-BLEEDPORTINDOORUNIT$"", ""group"": 1}, ""mapping"": {""X"": ""R410A""}}",,"[""SERIES4TXV-NON-BLEEDPORTINDOORUNIT""]",Derived from OCR of Building-Center model nomenclature diagram; may be incomplete or noisy.,,,New Residential Nomenclature Coils C33 - 18A - 2FT SEE NOTE BELOW i Tonnage — T= Technicoat (exokale di n0t optioned) F= Full Case (exclude df uncased) 2 =Onfice 3. = Beedpon Indoor TXY ' 4= Non-Bleed Indoor THY Desranes,https://www.building-center.org/aire-flow-tonnage-decoder/,2026-01-25,"[""https://www.building-center.org/wp-content/uploads/2024/09/Screenshot-2024-09-20-102356.png""]"
decode,AMANA,^ALXS,VoltageVoltPhaseHz,"{""data_type"": ""Text"", ""pattern"": {""regex"": ""^ALXS\\\\d{1}NA\\\\d{2}(\\\\d{1})\\\\d{1}AA$"", ""group"": 1}, ""mapping"": {""1"": ""208/230-1-60""}}",Volt-Phase-Hz,"[""ALXS4NA3610AA""]",Derived from OCR of Building-Center model nomenclature diagram; may be incomplete or noisy.,,,"A L x s 4 N A 36 1 0 A A 1 2 3 4 5 6 7 8,9 10 11 12 13 Minor REV BRAND A A - Amana Brand MAJOR REVISION TYPE A L_ R-32 Splits System Variation OuTDOoR TYPE Electrical X Condenser 1 208/230 V, 1 Phase, 60 Hz Z Heat Pump N",https://www.building-center.org/amana-tonnage-decoder/,2026-01-25,"[""https://www.building-center.org/wp-content/uploads/2024/10/Screenshot-2024-10-24-155137.png""]"
decode,AMANA,^ALXS,NominalCapacityTons,"{""data_type"": ""Text"", ""pattern"": {""regex"": ""^ALXS\\\\d{1}NA(\\\\d{2})\\\\d{2}AA$"", ""group"": 1}, ""mapping"": {""36"": ""3.0""}}",Tons,"[""ALXS4NA3610AA""]",Derived from OCR of Building-Center model nomenclature diagram; may be incomplete or noisy.,,,"A L x s 4 N A 36 1 0 A A 1 2 3 4 5 6 7 8,9 10 11 12 13 Minor REV BRAND A A - Amana Brand MAJOR REVISION TYPE A L_ R-32 Splits System Variation OuTDOoR TYPE Electrical X Condenser 1 208/230 V, 1 Phase, 60 Hz Z Heat Pump N",https://www.building-center.org/amana-tonnage-decoder/,2026-01-25,"[""https://www.building-center.org/wp-content/uploads/2024/10/Screenshot-2024-10-24-155137.png""]"
decode,AMANA,^ALX,CompressorStage,"{""data_type"": ""Text"", ""pattern"": {""regex"": ""^ALX([A-Z0-9])\\\\d{1}NA\\\\d{4}AA$"", ""group"": 1}, ""mapping"": {""S"": ""Single-Stage""}}",,"[""ALXS4NA3610AA""]",Derived from OCR of Building-Center model nomenclature diagram; may be incomplete or noisy.,,,"A L x s 4 N A 36 1 0 A A 1 2 3 4 5 6 7 8,9 10 11 12 13 Minor REV BRAND A A - Amana Brand MAJOR REVISION TYPE A L_ R-32 Splits System Variation OuTDOoR TYPE Electrical X Condenser 1 208/230 V, 1 Phase, 60 Hz Z Heat Pump N",https://www.building-center.org/amana-tonnage-decoder/,2026-01-25,"[""https://www.building-center.org/wp-content/uploads/2024/10/Screenshot-2024-10-24-155137.png""]"
decode,COLEMAN,^CZE,NominalCapacityTons,"{""data_type"": ""Text"", ""pattern"": {""regex"": ""^CZE(\\\\d{3})\\\\d{2}HWA$"", ""group"": 1}, ""mapping"": {""036"": ""3.0""}}",Tons,"[""CZE03611HWA""]",Derived from OCR of Building-Center model nomenclature diagram; may be incomplete or noisy.,,,AFFINITY PRODUCT NOMENCLATURE CZE 0361 1HWA Product Category C=AC Y=HP B= 13 SEER Product Identifier E=15 SEER H=18SEER pears Ton 048 =4 Ton 024 = 2 Ton 060=5T Nominal Cooling Capacity 030 = 2.5 Ton AUC 036 = 3 Ton 042 =,https://www.building-center.org/coleman-tonnage-decoder/,2026-01-25,"[""https://www.building-center.org/wp-content/uploads/2024/12/Screenshot-2024-12-03-100243.png""]"
decode,DAKIN,^DX13,NominalCapacityTons,"{""data_type"": ""Text"", ""pattern"": {""regex"": ""^DX\\\\d{2}SSA(\\\\d{3})\\\\d{1}AA$"", ""group"": 1}, ""mapping"": {""036"": ""3.0""}}",Tons,"[""DX13SSA0363AA""]",Derived from OCR of Building-Center model nomenclature diagram; may be incomplete or noisy.,,,D x 13 Ss A 036 3 A A D - Daikin Minor revision | ye ey a yn Engineering X-ACR-410A _ i Major revision Z-HPR-410A 0 | A> Pall ote | ii Gai c Voltag EER 3 - 208/230 V Three-Phase 60 Hz 13 -13 SEER . 4 - 460 V Three-Phase ,https://www.building-center.org/dakin-tonnage-decoder/,2026-01-25,"[""https://www.building-center.org/wp-content/uploads/2024/12/Screenshot-2024-12-09-173959.png""]"
decode,FRIGIDAIRE,^Q94R,VoltageVoltPhaseHz,"{""data_type"": ""Text"", ""pattern"": {""regex"": ""^Q\\\\d{2}RBDE\\-G\\\\d{3}([A-Z0-9])$"", ""group"": 1}, ""mapping"": {""K"": ""208/230-1-60""}}",Volt-Phase-Hz,"[""Q94RBDE-G024K""]",Derived from OCR of Building-Center model nomenclature diagram; may be incomplete or noisy.,,,"MODEL IDENTIFICATION CODE Q 9 4 R BD e-g 0 24 K Application LT sl | WA Electrical Code Q = Heat Pump K = 208/230-60-1 Round Duct : Generation 1, 3, 5, Etc. Nominal Capacity D = 13.4 SEER2 % 1000 Btu R-410A Refrigerant 0 ",https://www.building-center.org/frigidaire-tonnage-decoder/,2026-01-25,"[""https://www.building-center.org/wp-content/uploads/2024/11/Screenshot-2024-11-03-092446.png""]"
decode,GIBSON,^Q94R,VoltageVoltPhaseHz,"{""data_type"": ""Text"", ""pattern"": {""regex"": ""^Q\\\\d{2}RBDE\\-G\\\\d{3}([A-Z0-9])$"", ""group"": 1}, ""mapping"": {""K"": ""208/230-1-60""}}",Volt-Phase-Hz,"[""Q94RBDE-G024K""]",Derived from OCR of Building-Center model nomenclature diagram; may be incomplete or noisy.,,,"MODEL IDENTIFICATION CODE Q 9 4 R BD e-g 0 24 K Application LT sl | WA Electrical Code Q = Heat Pump K = 208/230-60-1 Round Duct : Generation 1, 3, 5, Etc. Nominal Capacity D = 13.4 SEER2 % 1000 Btu R-410A Refrigerant 0 ",https://www.building-center.org/gibson-tonnage-decoder/,2026-01-25,"[""https://www.building-center.org/wp-content/uploads/2024/11/Screenshot-2024-11-03-092446.png""]"
decode,INTERTHERM,^Q94R,VoltageVoltPhaseHz,"{""data_type"": ""Text"", ""pattern"": {""regex"": ""^Q\\\\d{2}RBDE\\-G\\\\d{3}([A-Z0-9])$"", ""group"": 1}, ""mapping"": {""K"": ""208/230-1-60""}}",Volt-Phase-Hz,"[""Q94RBDE-G024K""]",Derived from OCR of Building-Center model nomenclature diagram; may be incomplete or noisy.,,,"MODEL IDENTIFICATION CODE Q 9 4 R BD e-g 0 24 K Application LT sl | WA Electrical Code Q = Heat Pump K = 208/230-60-1 Round Duct : Generation 1, 3, 5, Etc. Nominal Capacity D = 13.4 SEER2 % 1000 Btu R-410A Refrigerant 0 ",https://www.building-center.org/intertherm-tonnage-decoder/,2026-01-25,"[""https://www.building-center.org/wp-content/uploads/2024/11/Screenshot-2024-11-03-092446.png""]"
decode,LENNOX,^OE32,VoltageVoltPhaseHz,"{""data_type"": ""Text"", ""pattern"": {""regex"": ""^OE\\\\d{2}MV\\-\\\\d{3}\\-(\\\\d{3})\\-\\\\d{1}\\-\\\\d{1}$"", ""group"": 1}, ""mapping"": {""230"": ""208/230-1-60""}}",Volt-Phase-Hz,"[""OE32MV-036-230-6-7""]",Derived from OCR of Building-Center model nomenclature diagram; may be incomplete or noisy.,,,New Residential Nomenclature Coils C33 - 18A - 2FT SEE NOTE BELOW i Tonnage — T= Technicoat (exokale di n0t optioned) F= Full Case (exclude df uncased) 2 =Onfice 3. = Beedpon Indoor TXY ' 4= Non-Bleed Indoor THY Desranes,https://www.building-center.org/lennox-tonnage-decoder/,2026-01-25,"[""https://www.building-center.org/wp-content/uploads/2024/09/Screenshot-2024-09-20-102356.png""]"
decode,LENNOX,^OE32,NominalCapacityTons,"{""data_type"": ""Text"", ""pattern"": {""regex"": ""^OE\\\\d{2}MV\\-(\\\\d{3})\\-\\\\d{3}\\-\\\\d{1}\\-\\\\d{1}$"", ""group"": 1}, ""mapping"": {""036"": ""3.0""}}",Tons,"[""OE32MV-036-230-6-7""]",Derived from OCR of Building-Center model nomenclature diagram; may be incomplete or noisy.,,,New Residential Nomenclature Coils C33 - 18A - 2FT SEE NOTE BELOW i Tonnage — T= Technicoat (exokale di n0t optioned) F= Full Case (exclude df uncased) 2 =Onfice 3. = Beedpon Indoor TXY ' 4= Non-Bleed Indoor THY Desranes,https://www.building-center.org/lennox-tonnage-decoder/,2026-01-25,"[""https://www.building-center.org/wp-content/uploads/2024/09/Screenshot-2024-09-20-102356.png""]"
decode,LENNOX,^SERI,Refrigerant,"{""data_type"": ""Text"", ""pattern"": {""regex"": ""^SERIES\\\\d{1}T([A-Z0-9])V\\-NON\\-BLEEDPORTINDOORUNIT$"", ""group"": 1}, ""mapping"": {""X"": ""R410A""}}",,"[""SERIES4TXV-NON-BLEEDPORTINDOORUNIT""]",Derived from OCR of Building-Center model nomenclature diagram; may be incomplete or noisy.,,,New Residential Nomenclature Coils C33 - 18A - 2FT SEE NOTE BELOW i Tonnage — T= Technicoat (exokale di n0t optioned) F= Full Case (exclude df uncased) 2 =Onfice 3. = Beedpon Indoor TXY ' 4= Non-Bleed Indoor THY Desranes,https://www.building-center.org/lennox-tonnage-decoder/,2026-01-25,"[""https://www.building-center.org/wp-content/uploads/2024/09/Screenshot-2024-09-20-102356.png""]"
decode,LUXAIRE,^CZE,NominalCapacityTons,"{""data_type"": ""Text"", ""pattern"": {""regex"": ""^CZE(\\\\d{3})\\\\d{2}HWA$"", ""group"": 1}, ""mapping"": {""036"": ""3.0""}}",Tons,"[""CZE03611HWA""]",Derived from OCR of Building-Center model nomenclature diagram; may be incomplete or noisy.,,,AFFINITY PRODUCT NOMENCLATURE CZE 0361 1HWA Product Category C=AC Y=HP B= 13 SEER Product Identifier E=15 SEER H=18SEER pears Ton 048 =4 Ton 024 = 2 Ton 060=5T Nominal Cooling Capacity 030 = 2.5 Ton AUC 036 = 3 Ton 042 =,https://www.building-center.org/luxaire-tonnage-decoder/,2026-01-25,"[""https://www.building-center.org/wp-content/uploads/2024/12/Screenshot-2024-12-03-100243.png""]"
decode,MAYTAG,^Q94R,VoltageVoltPhaseHz,"{""data_type"": ""Text"", ""pattern"": {""regex"": ""^Q\\\\d{2}RBDE\\-G\\\\d{3}([A-Z0-9])$"", ""group"": 1}, ""mapping"": {""K"": ""208/230-1-60""}}",Volt-Phase-Hz,"[""Q94RBDE-G024K""]",Derived from OCR of Building-Center model nomenclature diagram; may be incomplete or noisy.,,,"MODEL IDENTIFICATION CODE Q 9 4 R BD e-g 0 24 K Application LT sl | WA Electrical Code Q = Heat Pump K = 208/230-60-1 Round Duct : Generation 1, 3, 5, Etc. Nominal Capacity D = 13.4 SEER2 % 1000 Btu R-410A Refrigerant 0 ",https://www.building-center.org/maytag-tonnage-decoder/,2026-01-25,"[""https://www.building-center.org/wp-content/uploads/2024/11/Screenshot-2024-11-03-092446.png""]"
decode,TRANE,(?:^T[^A-Z0-9]*T[^A-Z0-9]*A[^A-Z0-9]*0),NominalCapacityTons,"{""data_type"": ""Number"", ""pattern"": {""regex"": ""^(?:\\D*\\d+){0}\\D*(\\d{3})(?!\\d)"", ""group"": 1}, ""transform"": {""expression"": ""tons = code / 12""}}",Tons,[],"Mined from asset report cooling capacity; equipment_type='COOLING CONDENSING UNIT'; match_n=412/458. [equipment_type=COOLING CONDENSING UNIT, support_n=458, match_n=412, train_accuracy=0.97, holdout_accuracy=1.0]",,,Derived from labeled asset report (Cooling Capacity) via holdout validation.,internal_asset_reports,2026-01-25,[]
decode,MITSUBISHI,(?:^P[^A-Z0-9]*U[^A-Z0-9]*R[^A-Z0-9]*Y),NominalCapacityTons,"{""data_type"": ""Number"", ""pattern"": {""regex"": ""^(?:\\D*\\d+){0}\\D*(\\d{3})(?!\\d)"", ""group"": 1}, ""transform"": {""expression"": ""tons = code / 12""}}",Tons,[],"Mined from asset report cooling capacity; equipment_type='VRF - CONDENSING UNIT'; match_n=165/210. [equipment_type=VRF - CONDENSING UNIT, support_n=210, match_n=165, train_accuracy=1.0, holdout_accuracy=1.0]",,,Derived from labeled asset report (Cooling Capacity) via holdout validation.,internal_asset_reports,2026-01-25,[]
decode,TRANE,(?:^4[^A-Z0-9]*T[^A-Z0-9]*W[^A-Z0-9]*A|^T[^A-Z0-9]*W[^A-Z0-9]*A[^A-Z0-9]*0),NominalCapacityTons,"{""data_type"": ""Number"", ""pattern"": {""regex"": ""^(?:\\D*\\d+){2}\\D*(\\d{3})(?!\\d)"", ""group"": 1}, ""mapping"": {""300"": 5.0, ""030"": 2.5, ""048"": 4.0, ""036"": 3.0, ""018"": 1.5, ""400"": 5.0, ""024"": 2.0, ""060"": 5.0, ""336"": 3.0}}",Tons,[],"Mined from asset report cooling capacity; equipment_type='HEAT PUMP CONDENSING UNIT'; match_n=160/160. [equipment_type=HEAT PUMP CONDENSING UNIT, support_n=160, match_n=160, train_accuracy=0.9837, holdout_accuracy=1.0]",,,Derived from labeled asset report (Cooling Capacity) via holdout validation.,internal_asset_reports,2026-01-25,[]
decode,LENOX,(?:^T[^A-Z0-9]*H[^A-Z0-9]*A[^A-Z0-9]*0|^T[^A-Z0-9]*H[^A-Z0-9]*A[^A-Z0-9]*1),NominalCapacityTons,"{""data_type"": ""Number"", ""pattern"": {""regex"": ""^(?:\\D*\\d+){0}\\D*(\\d{3})(?!\\d)"", ""group"": 1}, ""transform"": {""expression"": ""tons = code / 12""}}",Tons,[],"Mined from asset report cooling capacity; equipment_type='PACKAGED UNIT'; match_n=114/114. [equipment_type=PACKAGED UNIT, support_n=114, match_n=114, train_accuracy=1.0, holdout_accuracy=1.0]",,,Derived from labeled asset report (Cooling Capacity) via holdout validation.,internal_asset_reports,2026-01-25,[]
decode,AAON,(?:^R[^A-Z0-9]*N[^A-Z0-9]*0[^A-Z0-9]*1|^R[^A-Z0-9]*N[^A-Z0-9]*0[^A-Z0-9]*2|^R[^A-Z0-9]*N[^A-Z0-9]*0[^A-Z0-9]*3|^R[^A-Z0-9]*M[^A-Z0-9]*0[^A-Z0-9]*2|^R[^A-Z0-9]*N[^A-Z0-9]*0[^A-Z0-9]*4),NominalCapacityTons,"{""data_type"": ""Number"", ""pattern"": {""regex"": ""^(?:\\D*\\d+){0}\\D*(\\d{3})(?!\\d)"", ""group"": 1}, ""mapping"": {""013"": 13.0, ""020"": 20.0, ""009"": 9.0, ""015"": 15.0, ""016"": 16.0, ""040"": 40.0, ""031"": 31.0, ""010"": 10.0, ""025"": 25.0, ""018"": 18.0, ""030"": 30.0, ""060"": 60.0, ""011"": 11.0}}",Tons,[],"Mined from asset report cooling capacity; equipment_type='MAU'; match_n=98/110. [equipment_type=MAU, support_n=110, match_n=98, train_accuracy=1.0, holdout_accuracy=1.0]",,,Derived from labeled asset report (Cooling Capacity) via holdout validation.,internal_asset_reports,2026-01-25,[]
decode,LENNOX,(?:^K[^A-Z0-9]*G[^A-Z0-9]*A[^A-Z0-9]*0|^K[^A-Z0-9]*G[^A-Z0-9]*B[^A-Z0-9]*0|^K[^A-Z0-9]*C[^A-Z0-9]*A[^A-Z0-9]*3|^K[^A-Z0-9]*C[^A-Z0-9]*A[^A-Z0-9]*0),NominalCapacityTons,"{""data_type"": ""Number"", ""pattern"": {""regex"": ""^(?:\\D*\\d+){0}\\D*(\\d{3})(?!\\d)"", ""group"": 1}, ""transform"": {""expression"": ""tons = code / 12""}}",Tons,[],"Mined from asset report cooling capacity; equipment_type='PACKAGED UNIT'; match_n=75/77. [equipment_type=PACKAGED UNIT, support_n=77, match_n=75, train_accuracy=1.0, holdout_accuracy=1.0]",,,Derived from labeled asset report (Cooling Capacity) via holdout validation.,internal_asset_reports,2026-01-25,[]
decode,CARRIER/ICP,(?:^3[^A-Z0-9]*8[^A-Z0-9]*A[^A-Z0-9]*K|^3[^A-Z0-9]*8[^A-Z0-9]*A[^A-Z0-9]*R|^2[^A-Z0-9]*4[^A-Z0-9]*A[^A-Z0-9]*B|^5[^A-Z0-9]*6[^A-Z0-9]*3[^A-Z0-9]*C|^5[^A-Z0-9]*6[^A-Z0-9]*1[^A-Z0-9]*C|^3[^A-Z0-9]*8[^A-Z0-9]*A[^A-Z0-9]*H),NominalCapacityTons,"{""data_type"": ""Number"", ""pattern"": {""regex"": ""^(?:\\D*\\d+){1}\\D*(\\d{3})(?!\\d)"", ""group"": 1}, ""mapping"": {""008"": 7.5, ""036"": 3.0, ""642"": 3.5, ""016"": 15.0, ""042"": 3.5, ""060"": 5.0, ""104"": 100.0, ""094"": 90.0, ""101"": 3.0, ""460"": 5.0, ""342"": 3.0, ""024"": 20.0, ""014"": 12.0, ""018"": 1.5, ""028"": 25.0}}",Tons,[],"Mined from asset report cooling capacity; equipment_type='COOLING CONDENSING UNIT'; match_n=27/45. [equipment_type=COOLING CONDENSING UNIT, support_n=45, match_n=27, train_accuracy=0.9524, holdout_accuracy=1.0]",,,VERIFIED: Rule matches 27 assets with 100.0% accuracy via holdout validation.,internal_asset_reports,2026-01-25,[]
decode,TRANE,(?:^Y[^A-Z0-9]*S[^A-Z0-9]*C[^A-Z0-9]*0|^Y[^A-Z0-9]*H[^A-Z0-9]*C[^A-Z0-9]*0|^Y[^A-Z0-9]*C[^A-Z0-9]*D[^A-Z0-9]*2|^G[^A-Z0-9]*B[^A-Z0-9]*C[^A-Z0-9]*0|^W[^A-Z0-9]*C[^A-Z0-9]*D[^A-Z0-9]*0|^Y[^A-Z0-9]*C[^A-Z0-9]*D[^A-Z0-9]*1|^Y[^A-Z0-9]*C[^A-Z0-9]*D[^A-Z0-9]*0),NominalCapacityTons,"{""data_type"": ""Number"", ""pattern"": {""regex"": ""^(?:\\D*\\d+){1}\\D*(\\d{2})(?!\\d)"", ""group"": 1}, ""mapping"": {""72"": 6.0, ""10"": 17.5, ""36"": 3.0, ""48"": 4.0, ""50"": 12.5, ""60"": 5.0, ""40"": 20.0, ""75"": 6.0, ""39"": 5.0, ""13"": 10.0, ""80"": 15.0, ""90"": 7.5, ""20"": 10.0, ""63"": 5.0, ""03"": 7.5, ""02"": 8.5, ""21"": 10.0, ""00"": 25.0, ""30"": 27.5, ""26"": 30.0, ""51"": 12.5, ""92"": 6.0}}",Tons,[],"Mined from asset report cooling capacity; equipment_type='PACKAGED UNIT'; match_n=178/200. [equipment_type=PACKAGED UNIT, support_n=200, match_n=178, train_accuracy=0.9658, holdout_accuracy=0.9677]",,,VERIFIED: Rule matches 178 assets with 96.8% accuracy via holdout validation.,internal_asset_reports,2026-01-25,[]
